date,is_holiday,is_weekday,weather_situation,temp_celsius,apparent_temp_celsius,humidity_percent,windspeed_kph,casual_users,registered_users,total_users,day_name,windspeed_outlier,is_holiday_check,is_weekday_check,weather_situation_check
01-01-2011 00:00,NO,NO,2,11,11,81,17,331,654,985,Saturday,FALSE,Valid,Valid,Valid
02-01-2011 00:00,NO,NO,2,9,6.5,71.5,17,131,670,801,Sunday,FALSE,Valid,Valid,Valid
03-01-2011 00:00,NO,YES,1,1,4,44,18,120,1229,1349,Monday,FALSE,Valid,Valid,Valid
04-01-2011 00:00,NO,YES,1,2,2.5,64,9,108,1454,1562,Tuesday,FALSE,Valid,Valid,Valid
05-01-2011 00:00,NO,YES,1,2.5,1,42.5,13,82,1518,1600,Wednesday,FALSE,Valid,Valid,Valid
06-01-2011 00:00,NO,YES,1,2,2,52,6,88,1518,1606,Thursday,FALSE,Valid,Valid,Valid
07-01-2011 00:00,NO,YES,2,1,3,47.5,11,148,1362,1510,Friday,FALSE,Valid,Valid,Valid
08-01-2011 00:00,NO,NO,2,1,5,51,17,68,891,959,Saturday,FALSE,Valid,Valid,Valid
09-01-2011 00:00,NO,NO,1,2,8.5,46,25,54,768,822,Sunday,FALSE,Valid,Valid,Valid
10-01-2011 00:00,NO,YES,1,2,6,50,15,41,1280,1321,Monday,FALSE,Valid,Valid,Valid
11-01-2011 00:00,NO,YES,2,1,3.5,57,7,43,1220,1263,Tuesday,FALSE,Valid,Valid,Valid
12-01-2011 00:00,NO,YES,1,1,5.5,55,22,25,1137,1162,Wednesday,FALSE,Valid,Valid,Valid
13-01-2011 00:00,NO,YES,1,2,7,48.5,20,38,1368,1406,Thursday,FALSE,Valid,Valid,Valid
14-01-2011 00:00,NO,YES,1,2,3,54,8,54,1367,1421,Friday,FALSE,Valid,Valid,Valid
15-01-2011 00:00,NO,NO,2,3.5,3.5,52,12,222,1026,1248,Saturday,FALSE,Valid,Valid,Valid
16-01-2011 00:00,NO,NO,1,2.5,2,49.5,15,251,953,1204,Sunday,FALSE,Valid,Valid,Valid
17-01-2011 00:00,YES,YES,2,1,4,48,13,117,883,1000,Monday,FALSE,Valid,Valid,Valid
18-01-2011 00:00,NO,YES,2,1,3,87,14,9,674,683,Tuesday,FALSE,Valid,Valid,Valid
19-01-2011 00:00,NO,YES,2,5.5,2.5,71.5,10,78,1572,1650,Wednesday,FALSE,Valid,Valid,Valid
20-01-2011 00:00,NO,YES,2,4,2,56,15,83,1844,1927,Thursday,FALSE,Valid,Valid,Valid
21-01-2011 00:00,NO,YES,1,2,5,42,22,75,1468,1543,Friday,FALSE,Valid,Valid,Valid
22-01-2011 00:00,NO,NO,1,6.5,11,42,11,93,888,981,Saturday,FALSE,Valid,Valid,Valid
23-01-2011 00:00,NO,NO,1,4,10,42,15,150,836,986,Sunday,FALSE,Valid,Valid,Valid
24-01-2011 00:00,NO,YES,1,2.5,7,49,13,86,1330,1416,Monday,FALSE,Valid,Valid,Valid
25-01-2011 00:00,NO,YES,2,2,4,65,9,186,1799,1985,Tuesday,FALSE,Valid,Valid,Valid
26-01-2011 00:00,NO,YES,3,2,4,93,22,34,472,506,Wednesday,FALSE,Valid,Valid,Valid
27-01-2011 00:00,NO,YES,1,1.5,2,70,12,15,416,431,Thursday,FALSE,Valid,Valid,Valid
28-01-2011 00:00,NO,YES,2,1,2,80,7,38,1129,1167,Friday,FALSE,Valid,Valid,Valid
29-01-2011 00:00,NO,NO,1,1,2.5,64,9,123,975,1098,Saturday,FALSE,Valid,Valid,Valid
30-01-2011 00:00,NO,NO,1,3,2,70,0,140,956,1096,Sunday,FALSE,Valid,Valid,Valid
31-01-2011 00:00,NO,YES,2,1,4,59,13,42,1459,1501,Monday,FALSE,Valid,Valid,Valid
01-02-2011 00:00,NO,YES,2,2,1,86.5,0,47,1313,1360,Tuesday,FALSE,Valid,Valid,Valid
02-02-2011 00:00,NO,YES,2,2.5,2.5,93,16,72,1454,1526,Wednesday,FALSE,Valid,Valid,Valid
03-02-2011 00:00,NO,YES,1,1,4.5,44,20,61,1489,1550,Thursday,FALSE,Valid,Valid,Valid
04-02-2011 00:00,NO,YES,2,3,1.5,59,9,88,1620,1708,Friday,FALSE,Valid,Valid,Valid
05-02-2011 00:00,NO,NO,2,2,1,100,10,100,905,1005,Saturday,FALSE,Valid,Valid,Valid
06-02-2011 00:00,NO,NO,1,4.5,3,61,7,354,1269,1623,Sunday,FALSE,Valid,Valid,Valid
07-02-2011 00:00,NO,YES,1,5,5,75,0,120,1592,1712,Monday,FALSE,Valid,Valid,Valid
08-02-2011 00:00,NO,YES,1,3,4,40,27,64,1466,1530,Tuesday,TRUE,Valid,Valid,Valid
09-02-2011 00:00,NO,YES,2,2,6,44,12,53,1552,1605,Wednesday,FALSE,Valid,Valid,Valid
10-02-2011 00:00,NO,YES,1,2,5.5,41.5,15,47,1491,1538,Thursday,FALSE,Valid,Valid,Valid
11-02-2011 00:00,NO,YES,1,4,4,59,6,149,1597,1746,Friday,FALSE,Valid,Valid,Valid
12-02-2011 00:00,NO,NO,1,3.5,2,43.5,10,288,1184,1472,Saturday,FALSE,Valid,Valid,Valid
13-02-2011 00:00,NO,NO,1,9.5,6,36,20,397,1192,1589,Sunday,FALSE,Valid,Valid,Valid
14-02-2011 00:00,NO,YES,1,10,6,40.5,29,208,1705,1913,Monday,TRUE,Valid,Valid,Valid
15-02-2011 00:00,NO,YES,1,4,3.5,32,17,140,1675,1815,Tuesday,FALSE,Valid,Valid,Valid
16-02-2011 00:00,NO,YES,1,8,5.5,44,15,218,1897,2115,Wednesday,FALSE,Valid,Valid,Valid
17-02-2011 00:00,NO,YES,1,13.5,13.5,54.5,15,259,2216,2475,Thursday,FALSE,Valid,Valid,Valid
18-02-2011 00:00,NO,YES,1,15.5,15.5,51,16,579,2348,2927,Friday,FALSE,Valid,Valid,Valid
19-02-2011 00:00,NO,NO,1,11,11,17,35,532,1103,1635,Saturday,TRUE,Valid,Valid,Valid
20-02-2011 00:00,NO,NO,1,6,4,42.5,11,639,1173,1812,Sunday,FALSE,Valid,Valid,Valid
21-02-2011 00:00,YES,YES,2,7,5,66,20,195,912,1107,Monday,FALSE,Valid,Valid,Valid
22-02-2011 00:00,NO,YES,1,2,6,60,17,74,1376,1450,Tuesday,FALSE,Valid,Valid,Valid
23-02-2011 00:00,NO,YES,1,3,6,48,6,139,1778,1917,Wednesday,FALSE,Valid,Valid,Valid
24-02-2011 00:00,NO,YES,2,7,4,70,19,100,1707,1807,Thursday,FALSE,Valid,Valid,Valid
25-02-2011 00:00,NO,YES,2,7,6,60,24,120,1341,1461,Friday,FALSE,Valid,Valid,Valid
26-02-2011 00:00,NO,NO,1,5,3,56,14,424,1545,1969,Saturday,FALSE,Valid,Valid,Valid
27-02-2011 00:00,NO,NO,1,9,8,62,9,694,1708,2402,Sunday,FALSE,Valid,Valid,Valid
28-02-2011 00:00,NO,YES,2,10,8,93,19.5,81,1365,1446,Monday,FALSE,Valid,Valid,Valid
01-03-2011 00:00,NO,YES,1,3.5,4,58,14,137,1714,1851,Tuesday,FALSE,Valid,Valid,Valid
02-03-2011 00:00,NO,YES,1,6.5,3.5,37,19.5,231,1903,2134,Wednesday,FALSE,Valid,Valid,Valid
03-03-2011 00:00,NO,YES,1,1.5,3,34,13,123,1562,1685,Thursday,FALSE,Valid,Valid,Valid
04-03-2011 00:00,NO,YES,2,5.5,4,67.5,13,214,1730,1944,Friday,FALSE,Valid,Valid,Valid
05-03-2011 00:00,NO,NO,2,12,12,77,19.5,640,1437,2077,Saturday,FALSE,Valid,Valid,Valid
06-03-2011 00:00,NO,NO,2,11.5,11.5,100,21,114,491,605,Sunday,FALSE,Valid,Valid,Valid
07-03-2011 00:00,NO,YES,1,4,4,48,26,244,1628,1872,Monday,FALSE,Valid,Valid,Valid
08-03-2011 00:00,NO,YES,1,6,3,45.5,8,316,1817,2133,Tuesday,FALSE,Valid,Valid,Valid
09-03-2011 00:00,NO,YES,2,7,3,76,17,191,1700,1891,Wednesday,FALSE,Valid,Valid,Valid
10-03-2011 00:00,NO,YES,3,10.5,9.5,100,17,46,577,623,Thursday,FALSE,Valid,Valid,Valid
11-03-2011 00:00,NO,YES,2,7,4,57,17,247,1730,1977,Friday,FALSE,Valid,Valid,Valid
12-03-2011 00:00,NO,NO,1,8.5,5.5,63.5,13,724,1408,2132,Saturday,FALSE,Valid,Valid,Valid
13-03-2011 00:00,NO,NO,1,9.5,8.5,53.5,20,982,1435,2417,Sunday,FALSE,Valid,Valid,Valid
14-03-2011 00:00,NO,YES,1,7.5,5.5,47.5,9,359,1687,2046,Monday,FALSE,Valid,Valid,Valid
15-03-2011 00:00,NO,YES,2,7,5,68,13,289,1767,2056,Tuesday,FALSE,Valid,Valid,Valid
16-03-2011 00:00,NO,YES,2,9,8,82,13,321,1871,2192,Wednesday,FALSE,Valid,Valid,Valid
17-03-2011 00:00,NO,YES,1,12,12,63,15,424,2320,2744,Thursday,FALSE,Valid,Valid,Valid
18-03-2011 00:00,NO,YES,1,19,19,52,15,884,2355,3239,Friday,FALSE,Valid,Valid,Valid
19-03-2011 00:00,NO,NO,1,14,14,38,25,1424,1693,3117,Saturday,FALSE,Valid,Valid,Valid
20-03-2011 00:00,NO,NO,1,8,5,51.5,15,1047,1424,2471,Sunday,FALSE,Valid,Valid,Valid
21-03-2011 00:00,NO,YES,2,12.5,12.5,74.5,19.5,401,1676,2077,Monday,FALSE,Valid,Valid,Valid
22-03-2011 00:00,NO,YES,1,13,13,56.5,16,460,2243,2703,Tuesday,FALSE,Valid,Valid,Valid
23-03-2011 00:00,NO,YES,2,8,5,87,15,203,1918,2121,Wednesday,FALSE,Valid,Valid,Valid
24-03-2011 00:00,NO,YES,2,5.5,2,76,15,166,1699,1865,Thursday,FALSE,Valid,Valid,Valid
25-03-2011 00:00,NO,YES,1,4.5,3,44,17,300,1910,2210,Friday,FALSE,Valid,Valid,Valid
26-03-2011 00:00,NO,NO,1,4,2,42,13,981,1515,2496,Saturday,FALSE,Valid,Valid,Valid
27-03-2011 00:00,NO,NO,2,4,3,45,12,472,1221,1693,Sunday,FALSE,Valid,Valid,Valid
28-03-2011 00:00,NO,YES,1,4,3,26,15,222,1806,2028,Monday,FALSE,Valid,Valid,Valid
29-03-2011 00:00,NO,YES,1,7.5,4.5,28,17,317,2108,2425,Tuesday,FALSE,Valid,Valid,Valid
30-03-2011 00:00,NO,YES,2,7,5,57,15,168,1368,1536,Wednesday,FALSE,Valid,Valid,Valid
31-03-2011 00:00,NO,YES,3,4.5,1.5,93,15,179,1506,1685,Thursday,FALSE,Valid,Valid,Valid
01-04-2011 00:00,NO,YES,2,7,4,61,17,307,1920,2227,Friday,FALSE,Valid,Valid,Valid
02-04-2011 00:00,NO,NO,2,7,4.5,65.5,11,898,1354,2252,Saturday,FALSE,Valid,Valid,Valid
03-04-2011 00:00,NO,NO,1,11,11,44,13,1651,1598,3249,Sunday,FALSE,Valid,Valid,Valid
04-04-2011 00:00,NO,YES,1,22,21.5,43,25,734,2381,3115,Monday,FALSE,Valid,Valid,Valid
05-04-2011 00:00,NO,YES,2,10,6,60,28,167,1628,1795,Tuesday,TRUE,Valid,Valid,Valid
06-04-2011 00:00,NO,YES,1,12.5,12.5,41,18,413,2395,2808,Wednesday,FALSE,Valid,Valid,Valid
07-04-2011 00:00,NO,YES,1,12,12,63,13,571,2570,3141,Thursday,FALSE,Valid,Valid,Valid
08-04-2011 00:00,NO,YES,2,8,6,87,15,172,1299,1471,Friday,FALSE,Valid,Valid,Valid
09-04-2011 00:00,NO,NO,2,9,8,87,9,879,1576,2455,Saturday,FALSE,Valid,Valid,Valid
10-04-2011 00:00,NO,NO,2,11.5,11.5,88,9,1188,1707,2895,Sunday,FALSE,Valid,Valid,Valid
11-04-2011 00:00,NO,YES,2,20.5,20.5,73,19.5,855,2493,3348,Monday,FALSE,Valid,Valid,Valid
12-04-2011 00:00,NO,YES,2,16,16,77,19,257,1777,2034,Tuesday,FALSE,Valid,Valid,Valid
13-04-2011 00:00,NO,YES,2,11.5,11.5,85,17,209,1953,2162,Wednesday,FALSE,Valid,Valid,Valid
14-04-2011 00:00,NO,YES,1,14,14,55,9,529,2738,3267,Thursday,FALSE,Valid,Valid,Valid
15-04-2011 00:00,YES,YES,1,13,13,67,17,642,2484,3126,Friday,FALSE,Valid,Valid,Valid
16-04-2011 00:00,NO,NO,3,12,12,88,22,121,674,795,Saturday,FALSE,Valid,Valid,Valid
17-04-2011 00:00,NO,NO,1,13.5,13.5,43,22,1558,2186,3744,Sunday,FALSE,Valid,Valid,Valid
18-04-2011 00:00,NO,YES,1,17,17,49,11,669,2760,3429,Monday,FALSE,Valid,Valid,Valid
19-04-2011 00:00,NO,YES,2,16,16,67.5,11,409,2795,3204,Tuesday,FALSE,Valid,Valid,Valid
20-04-2011 00:00,NO,YES,1,22,22,54.5,17,613,3331,3944,Wednesday,FALSE,Valid,Valid,Valid
21-04-2011 00:00,NO,YES,1,13.5,13.5,42.5,23,745,3444,4189,Thursday,FALSE,Valid,Valid,Valid
22-04-2011 00:00,NO,YES,2,8,5,66,15,177,1506,1683,Friday,FALSE,Valid,Valid,Valid
23-04-2011 00:00,NO,NO,2,14,14,88,15,1462,2574,4036,Saturday,FALSE,Valid,Valid,Valid
24-04-2011 00:00,NO,NO,2,19,19,83,13,1710,2481,4191,Sunday,FALSE,Valid,Valid,Valid
25-04-2011 00:00,NO,YES,1,21,21,74,15,773,3300,4073,Monday,FALSE,Valid,Valid,Valid
26-04-2011 00:00,NO,YES,1,22.5,22.5,74,22,678,3722,4400,Tuesday,FALSE,Valid,Valid,Valid
27-04-2011 00:00,NO,YES,2,22,22,83,19,547,3325,3872,Wednesday,FALSE,Valid,Valid,Valid
28-04-2011 00:00,NO,YES,2,22,22,78,22,569,3489,4058,Thursday,FALSE,Valid,Valid,Valid
29-04-2011 00:00,NO,YES,1,17,17,45,19,878,3717,4595,Friday,FALSE,Valid,Valid,Valid
30-04-2011 00:00,NO,NO,1,13,13,54,15,1965,3347,5312,Saturday,FALSE,Valid,Valid,Valid
01-05-2011 00:00,NO,NO,2,14,14,77,7,1138,2213,3351,Sunday,FALSE,Valid,Valid,Valid
02-05-2011 00:00,NO,YES,2,19.5,19.5,73,13,847,3554,4401,Monday,FALSE,Valid,Valid,Valid
03-05-2011 00:00,NO,YES,2,22,22,66.5,23,603,3848,4451,Tuesday,FALSE,Valid,Valid,Valid
04-05-2011 00:00,NO,YES,2,11,11,74.5,22,255,2378,2633,Wednesday,FALSE,Valid,Valid,Valid
05-05-2011 00:00,NO,YES,1,15.5,15.5,39,17,614,3819,4433,Thursday,FALSE,Valid,Valid,Valid
06-05-2011 00:00,NO,YES,1,14,14,62,11,894,3714,4608,Friday,FALSE,Valid,Valid,Valid
07-05-2011 00:00,NO,NO,1,18,18,49,11,1612,3102,4714,Saturday,FALSE,Valid,Valid,Valid
08-05-2011 00:00,NO,NO,1,17,17,63,6,1401,2932,4333,Sunday,FALSE,Valid,Valid,Valid
09-05-2011 00:00,NO,YES,1,17.5,17.5,56,13,664,3698,4362,Monday,FALSE,Valid,Valid,Valid
10-05-2011 00:00,NO,YES,1,17.5,17.5,52,8,694,4109,4803,Tuesday,FALSE,Valid,Valid,Valid
11-05-2011 00:00,NO,YES,1,17.5,17.5,61.5,9,550,3632,4182,Wednesday,FALSE,Valid,Valid,Valid
12-05-2011 00:00,NO,YES,1,18,18,78,13,695,4169,4864,Thursday,FALSE,Valid,Valid,Valid
13-05-2011 00:00,NO,YES,2,17,17,88,11,692,3413,4105,Friday,FALSE,Valid,Valid,Valid
14-05-2011 00:00,NO,NO,2,17,17,94,9,902,2507,3409,Saturday,FALSE,Valid,Valid,Valid
15-05-2011 00:00,NO,NO,2,18.5,18.5,85.5,9,1582,2971,4553,Sunday,FALSE,Valid,Valid,Valid
16-05-2011 00:00,NO,YES,1,19.5,19.5,83,9,773,3185,3958,Monday,FALSE,Valid,Valid,Valid
17-05-2011 00:00,NO,YES,2,19,19,88,20,678,3445,4123,Tuesday,FALSE,Valid,Valid,Valid
18-05-2011 00:00,NO,YES,2,18,18,88,15,536,3319,3855,Wednesday,FALSE,Valid,Valid,Valid
19-05-2011 00:00,NO,YES,2,17.5,17.5,88,6.5,735,3840,4575,Thursday,FALSE,Valid,Valid,Valid
20-05-2011 00:00,NO,YES,1,18.5,18.5,66,7,909,4008,4917,Friday,FALSE,Valid,Valid,Valid
21-05-2011 00:00,NO,NO,1,21.5,21.5,62.5,8,2258,3547,5805,Saturday,FALSE,Valid,Valid,Valid
22-05-2011 00:00,NO,NO,1,22,22,71,9,1576,3084,4660,Sunday,FALSE,Valid,Valid,Valid
23-05-2011 00:00,NO,YES,2,22,23,88,15,836,3438,4274,Monday,FALSE,Valid,Valid,Valid
24-05-2011 00:00,NO,YES,2,23.5,23.5,74,13,659,3833,4492,Tuesday,FALSE,Valid,Valid,Valid
25-05-2011 00:00,NO,YES,1,24.5,24.5,67,9,740,4238,4978,Wednesday,FALSE,Valid,Valid,Valid
26-05-2011 00:00,NO,YES,1,26.5,27.5,65.5,12,758,3919,4677,Thursday,FALSE,Valid,Valid,Valid
27-05-2011 00:00,NO,YES,1,25,25,65,17,871,3808,4679,Friday,FALSE,Valid,Valid,Valid
28-05-2011 00:00,NO,NO,1,24,24,74,15,2001,2757,4758,Saturday,FALSE,Valid,Valid,Valid
29-05-2011 00:00,NO,NO,1,24,25,83,15,2355,2433,4788,Sunday,FALSE,Valid,Valid,Valid
30-05-2011 00:00,YES,YES,1,27,29,70,7,1549,2549,4098,Monday,FALSE,Valid,Valid,Valid
31-05-2011 00:00,NO,YES,1,30,33,60.5,8,673,3309,3982,Tuesday,FALSE,Valid,Valid,Valid
01-06-2011 00:00,NO,YES,2,28,31,74,13,513,3461,3974,Wednesday,FALSE,Valid,Valid,Valid
02-06-2011 00:00,NO,YES,1,27,26,29.5,20,736,4232,4968,Thursday,FALSE,Valid,Valid,Valid
03-06-2011 00:00,NO,YES,1,22,21,34.5,19,898,4414,5312,Friday,FALSE,Valid,Valid,Valid
04-06-2011 00:00,NO,NO,1,23,23,46.5,7,1869,3473,5342,Saturday,FALSE,Valid,Valid,Valid
05-06-2011 00:00,NO,NO,2,23,23,65,11,1685,3221,4906,Sunday,FALSE,Valid,Valid,Valid
06-06-2011 00:00,NO,YES,1,24.5,24.5,59.5,9,673,3875,4548,Monday,FALSE,Valid,Valid,Valid
07-06-2011 00:00,NO,YES,1,27,28.5,59.5,12,763,4070,4833,Tuesday,FALSE,Valid,Valid,Valid
08-06-2011 00:00,NO,YES,1,31,34,62,9,676,3725,4401,Wednesday,FALSE,Valid,Valid,Valid
09-06-2011 00:00,NO,YES,2,30,32.5,50,10,563,3352,3915,Thursday,FALSE,Valid,Valid,Valid
10-06-2011 00:00,NO,YES,1,29,30.5,60.5,9,815,3771,4586,Friday,FALSE,Valid,Valid,Valid
11-06-2011 00:00,NO,NO,1,26.5,28,62,10,1729,3237,4966,Saturday,FALSE,Valid,Valid,Valid
12-06-2011 00:00,NO,NO,1,24.5,25.5,78,11,1467,2993,4460,Sunday,FALSE,Valid,Valid,Valid
13-06-2011 00:00,NO,YES,1,23,22.5,45.5,20,863,4157,5020,Monday,FALSE,Valid,Valid,Valid
14-06-2011 00:00,NO,YES,1,21,21,50,18,727,4164,4891,Tuesday,FALSE,Valid,Valid,Valid
15-06-2011 00:00,NO,YES,1,22.5,22.5,48.5,11,769,4411,5180,Wednesday,FALSE,Valid,Valid,Valid
16-06-2011 00:00,NO,YES,2,22,22,68,13,545,3222,3767,Thursday,FALSE,Valid,Valid,Valid
17-06-2011 00:00,NO,YES,1,22.5,23,83,9,863,3981,4844,Friday,FALSE,Valid,Valid,Valid
18-06-2011 00:00,NO,NO,1,27,28,62,8,1807,3312,5119,Saturday,FALSE,Valid,Valid,Valid
19-06-2011 00:00,NO,NO,2,26,27,67.5,7,1639,3105,4744,Sunday,FALSE,Valid,Valid,Valid
20-06-2011 00:00,NO,YES,2,23,23,78,11,699,3311,4010,Monday,FALSE,Valid,Valid,Valid
21-06-2011 00:00,NO,YES,2,25,26,78,11,774,4061,4835,Tuesday,FALSE,Valid,Valid,Valid
22-06-2011 00:00,NO,YES,1,27.5,30.5,76,12,661,3846,4507,Wednesday,FALSE,Valid,Valid,Valid
23-06-2011 00:00,NO,YES,2,27,29,70,15,746,4044,4790,Thursday,FALSE,Valid,Valid,Valid
24-06-2011 00:00,NO,YES,1,26.5,27,48,15,969,4022,4991,Friday,FALSE,Valid,Valid,Valid
25-06-2011 00:00,NO,NO,1,26,26,48,13,1782,3420,5202,Saturday,FALSE,Valid,Valid,Valid
26-06-2011 00:00,NO,NO,1,26,26,52,7,1920,3385,5305,Sunday,FALSE,Valid,Valid,Valid
27-06-2011 00:00,NO,YES,2,26,27,65,9,854,3854,4708,Monday,FALSE,Valid,Valid,Valid
28-06-2011 00:00,NO,YES,1,28,29.5,68,11,732,3916,4648,Tuesday,FALSE,Valid,Valid,Valid
29-06-2011 00:00,NO,YES,1,27,27,42,18,848,4377,5225,Wednesday,FALSE,Valid,Valid,Valid
30-06-2011 00:00,NO,YES,1,26,26,42,13,1027,4488,5515,Thursday,FALSE,Valid,Valid,Valid
01-07-2011 00:00,NO,YES,1,26,26,42,9,1246,4116,5362,Friday,FALSE,Valid,Valid,Valid
02-07-2011 00:00,NO,NO,1,28,28.5,47.5,7,2204,2915,5119,Saturday,FALSE,Valid,Valid,Valid
03-07-2011 00:00,NO,NO,2,25.5,26.5,70,12,2282,2367,4649,Sunday,FALSE,Valid,Valid,Valid
04-07-2011 00:00,YES,YES,2,28,30,62,6,3065,2978,6043,Monday,FALSE,Valid,Valid,Valid
05-07-2011 00:00,NO,YES,1,29,30,62,7,1031,3634,4665,Tuesday,FALSE,Valid,Valid,Valid
06-07-2011 00:00,NO,YES,1,27,29,74,11,784,3845,4629,Wednesday,FALSE,Valid,Valid,Valid
07-07-2011 00:00,NO,YES,1,28,30.5,62,11,754,3838,4592,Thursday,FALSE,Valid,Valid,Valid
08-07-2011 00:00,NO,YES,2,26,27,78.5,15,692,3348,4040,Friday,FALSE,Valid,Valid,Valid
09-07-2011 00:00,NO,NO,1,28,29,58,11,1988,3348,5336,Saturday,FALSE,Valid,Valid,Valid
10-07-2011 00:00,NO,NO,1,28,30,61,13,1743,3138,4881,Sunday,FALSE,Valid,Valid,Valid
11-07-2011 00:00,NO,YES,1,27.5,29.5,61,19,723,3363,4086,Monday,FALSE,Valid,Valid,Valid
12-07-2011 00:00,NO,YES,1,31,32,52,13,662,3596,4258,Tuesday,FALSE,Valid,Valid,Valid
13-07-2011 00:00,NO,YES,1,28,29,58,11,748,3594,4342,Wednesday,FALSE,Valid,Valid,Valid
14-07-2011 00:00,NO,YES,1,24.5,24.5,48.5,17,888,4196,5084,Thursday,FALSE,Valid,Valid,Valid
15-07-2011 00:00,NO,YES,1,24,24,55.5,13,1318,4220,5538,Friday,FALSE,Valid,Valid,Valid
16-07-2011 00:00,NO,NO,1,26,27,56,15,2418,3505,5923,Saturday,FALSE,Valid,Valid,Valid
17-07-2011 00:00,NO,NO,1,27.5,29,60,15,2006,3296,5302,Sunday,FALSE,Valid,Valid,Valid
18-07-2011 00:00,NO,YES,1,28.5,30.5,66,15,841,3617,4458,Monday,FALSE,Valid,Valid,Valid
19-07-2011 00:00,NO,YES,1,29,33,66,9,752,3789,4541,Tuesday,FALSE,Valid,Valid,Valid
20-07-2011 00:00,NO,YES,1,29,34,70,7,644,3688,4332,Wednesday,FALSE,Valid,Valid,Valid
21-07-2011 00:00,NO,YES,2,32,41,71,15,632,3152,3784,Thursday,FALSE,Valid,Valid,Valid
22-07-2011 00:00,NO,YES,1,33,38,57.5,7,562,2825,3387,Friday,FALSE,Valid,Valid,Valid
23-07-2011 00:00,NO,NO,1,32,36,52,9,987,2298,3285,Saturday,FALSE,Valid,Valid,Valid
24-07-2011 00:00,NO,NO,1,32,36,55,10,1050,2556,3606,Sunday,FALSE,Valid,Valid,Valid
25-07-2011 00:00,NO,YES,1,28,31,79,6,568,3272,3840,Monday,FALSE,Valid,Valid,Valid
26-07-2011 00:00,NO,YES,1,29.5,30.5,47.5,15,750,3840,4590,Tuesday,FALSE,Valid,Valid,Valid
27-07-2011 00:00,NO,YES,1,29.5,29.5,43.5,14,755,3901,4656,Wednesday,FALSE,Valid,Valid,Valid
28-07-2011 00:00,NO,YES,1,30,34,56,13,606,3784,4390,Thursday,FALSE,Valid,Valid,Valid
29-07-2011 00:00,NO,YES,1,33,35.5,46.5,13,670,3176,3846,Friday,FALSE,Valid,Valid,Valid
30-07-2011 00:00,NO,NO,1,30.5,32,47.5,11,1559,2916,4475,Saturday,FALSE,Valid,Valid,Valid
31-07-2011 00:00,NO,NO,1,30,32,55,11,1524,2778,4302,Sunday,FALSE,Valid,Valid,Valid
01-08-2011 00:00,NO,YES,1,28,29,56.5,12,729,3537,4266,Monday,FALSE,Valid,Valid,Valid
02-08-2011 00:00,NO,YES,1,31,32,47.5,15,801,4044,4845,Tuesday,FALSE,Valid,Valid,Valid
03-08-2011 00:00,NO,YES,2,28,29,58,9,467,3107,3574,Wednesday,FALSE,Valid,Valid,Valid
04-08-2011 00:00,NO,YES,2,26,27,74,14,799,3777,4576,Thursday,FALSE,Valid,Valid,Valid
05-08-2011 00:00,NO,YES,1,26,27,65,15,1023,3843,4866,Friday,FALSE,Valid,Valid,Valid
06-08-2011 00:00,NO,NO,2,27,30,78,15,1521,2773,4294,Saturday,FALSE,Valid,Valid,Valid
07-08-2011 00:00,NO,NO,1,27,29,84,13,1298,2487,3785,Sunday,FALSE,Valid,Valid,Valid
08-08-2011 00:00,NO,YES,1,29,31,56.5,10,846,3480,4326,Monday,FALSE,Valid,Valid,Valid
09-08-2011 00:00,NO,YES,1,30,30.5,57,11,907,3695,4602,Tuesday,FALSE,Valid,Valid,Valid
10-08-2011 00:00,NO,YES,1,29,29,39,14,884,3896,4780,Wednesday,FALSE,Valid,Valid,Valid
11-08-2011 00:00,NO,YES,1,26.5,26.5,42,11,812,3980,4792,Thursday,FALSE,Valid,Valid,Valid
12-08-2011 00:00,NO,YES,1,26.5,26.5,42,9,1051,3854,4905,Friday,FALSE,Valid,Valid,Valid
13-08-2011 00:00,NO,NO,2,25,26,74,13,1504,2646,4150,Saturday,FALSE,Valid,Valid,Valid
14-08-2011 00:00,NO,NO,2,24,25,83.5,14,1338,2482,3820,Sunday,FALSE,Valid,Valid,Valid
15-08-2011 00:00,NO,YES,1,24,24,69,15,775,3563,4338,Monday,FALSE,Valid,Valid,Valid
16-08-2011 00:00,NO,YES,1,26,27,58,16,721,4004,4725,Tuesday,FALSE,Valid,Valid,Valid
17-08-2011 00:00,NO,YES,1,27.5,28,56.5,11,668,4026,4694,Wednesday,FALSE,Valid,Valid,Valid
18-08-2011 00:00,NO,YES,1,25,25.5,67.5,17,639,3166,3805,Thursday,FALSE,Valid,Valid,Valid
19-08-2011 00:00,NO,YES,2,23.5,24.5,80.5,6,797,3356,4153,Friday,FALSE,Valid,Valid,Valid
20-08-2011 00:00,NO,NO,1,26.5,27.5,67,9,1914,3277,5191,Saturday,FALSE,Valid,Valid,Valid
21-08-2011 00:00,NO,NO,1,26,28,79,17,1249,2624,3873,Sunday,FALSE,Valid,Valid,Valid
22-08-2011 00:00,NO,YES,1,25.5,26,39.5,20,833,3925,4758,Monday,FALSE,Valid,Valid,Valid
23-08-2011 00:00,NO,YES,1,22.5,22.5,49.5,12,1281,4614,5895,Tuesday,FALSE,Valid,Valid,Valid
24-08-2011 00:00,NO,YES,1,26,27,59,20,949,4181,5130,Wednesday,FALSE,Valid,Valid,Valid
25-08-2011 00:00,NO,YES,2,25,25,78,20,435,3107,3542,Thursday,FALSE,Valid,Valid,Valid
26-08-2011 00:00,NO,YES,1,27,30,79,7,768,3893,4661,Friday,FALSE,Valid,Valid,Valid
27-08-2011 00:00,NO,NO,2,24,25,84,29.5,226,889,1115,Saturday,TRUE,Valid,Valid,Valid
28-08-2011 00:00,NO,NO,1,24,24,65,26,1415,2919,4334,Sunday,FALSE,Valid,Valid,Valid
29-08-2011 00:00,NO,YES,1,22.5,22.5,53,11,729,3905,4634,Monday,FALSE,Valid,Valid,Valid
30-08-2011 00:00,NO,YES,1,23.5,23.5,53.5,9,775,4429,5204,Tuesday,FALSE,Valid,Valid,Valid
31-08-2011 00:00,NO,YES,1,24,24,61,6,688,4370,5058,Wednesday,FALSE,Valid,Valid,Valid
01-09-2011 00:00,NO,YES,1,24,24,59.5,9,783,4332,5115,Thursday,FALSE,Valid,Valid,Valid
02-09-2011 00:00,NO,YES,2,23,23,74,9,875,3852,4727,Friday,FALSE,Valid,Valid,Valid
03-09-2011 00:00,NO,NO,1,24,24.5,70,11,1935,2549,4484,Saturday,FALSE,Valid,Valid,Valid
04-09-2011 00:00,NO,NO,1,27,29,74,13,2521,2419,4940,Sunday,FALSE,Valid,Valid,Valid
05-09-2011 00:00,YES,YES,2,24.5,25,76,11,1236,2115,3351,Monday,FALSE,Valid,Valid,Valid
06-09-2011 00:00,NO,YES,3,18,18,88,24,204,2506,2710,Tuesday,FALSE,Valid,Valid,Valid
07-09-2011 00:00,NO,YES,3,21,21,94,7,118,1878,1996,Wednesday,FALSE,Valid,Valid,Valid
08-09-2011 00:00,NO,YES,3,22,23,94,11,153,1689,1842,Thursday,FALSE,Valid,Valid,Valid
09-09-2011 00:00,NO,YES,2,22,23,94,9,417,3127,3544,Friday,FALSE,Valid,Valid,Valid
10-09-2011 00:00,NO,NO,1,23,23,78,9,1750,3595,5345,Saturday,FALSE,Valid,Valid,Valid
11-09-2011 00:00,NO,NO,1,23,23,73,7,1633,3413,5046,Sunday,FALSE,Valid,Valid,Valid
12-09-2011 00:00,NO,YES,1,23,23,71.5,6,690,4023,4713,Monday,FALSE,Valid,Valid,Valid
13-09-2011 00:00,NO,YES,1,23,23,76,9,701,4062,4763,Tuesday,FALSE,Valid,Valid,Valid
14-09-2011 00:00,NO,YES,1,24,24,69.5,10,647,4138,4785,Wednesday,FALSE,Valid,Valid,Valid
15-09-2011 00:00,NO,YES,2,21.5,21.5,69,18,428,3231,3659,Thursday,FALSE,Valid,Valid,Valid
16-09-2011 00:00,NO,YES,2,16,16,57,12,742,4018,4760,Friday,FALSE,Valid,Valid,Valid
17-09-2011 00:00,NO,NO,2,16,16,72,13,1434,3077,4511,Saturday,FALSE,Valid,Valid,Valid
18-09-2011 00:00,NO,NO,1,17.5,17.5,68,13,1353,2921,4274,Sunday,FALSE,Valid,Valid,Valid
19-09-2011 00:00,NO,YES,2,19,19,68,11,691,3848,4539,Monday,FALSE,Valid,Valid,Valid
20-09-2011 00:00,NO,YES,2,19,19,88,11,438,3203,3641,Tuesday,FALSE,Valid,Valid,Valid
21-09-2011 00:00,NO,YES,2,21.5,21.5,94,6.5,539,3813,4352,Wednesday,FALSE,Valid,Valid,Valid
22-09-2011 00:00,NO,YES,2,22,23,94,7,555,4240,4795,Thursday,FALSE,Valid,Valid,Valid
23-09-2011 00:00,NO,YES,2,22,23,94,6,258,2137,2395,Friday,FALSE,Valid,Valid,Valid
24-09-2011 00:00,NO,NO,2,22,22,88,6,1776,3647,5423,Saturday,FALSE,Valid,Valid,Valid
25-09-2011 00:00,NO,NO,2,22.5,23,85.5,3,1544,3466,5010,Sunday,FALSE,Valid,Valid,Valid
26-09-2011 00:00,NO,YES,2,23,24,88,9,684,3946,4630,Monday,FALSE,Valid,Valid,Valid
27-09-2011 00:00,NO,YES,2,22.5,23.5,89,7,477,3643,4120,Tuesday,FALSE,Valid,Valid,Valid
28-09-2011 00:00,NO,YES,2,21,21,88,8,480,3427,3907,Wednesday,FALSE,Valid,Valid,Valid
29-09-2011 00:00,NO,YES,1,21,21,66.5,13,653,4186,4839,Thursday,FALSE,Valid,Valid,Valid
30-09-2011 00:00,NO,YES,1,18,18,57,13,830,4372,5202,Friday,FALSE,Valid,Valid,Valid
01-10-2011 00:00,NO,NO,2,11,11,77,22,480,1949,2429,Saturday,FALSE,Valid,Valid,Valid
02-10-2011 00:00,NO,NO,2,9,6,82,15,616,2302,2918,Sunday,FALSE,Valid,Valid,Valid
03-10-2011 00:00,NO,YES,2,11,11,77,7,330,3240,3570,Monday,FALSE,Valid,Valid,Valid
04-10-2011 00:00,NO,YES,1,15.5,15.5,70,15,486,3970,4456,Tuesday,FALSE,Valid,Valid,Valid
05-10-2011 00:00,NO,YES,1,17,17,68.5,11,559,4267,4826,Wednesday,FALSE,Valid,Valid,Valid
06-10-2011 00:00,NO,YES,1,15.5,15.5,63,9,639,4126,4765,Thursday,FALSE,Valid,Valid,Valid
07-10-2011 00:00,NO,YES,1,16,16,68,0,949,4036,4985,Friday,FALSE,Valid,Valid,Valid
08-10-2011 00:00,NO,NO,1,16.5,16.5,77,0,2235,3174,5409,Saturday,FALSE,Valid,Valid,Valid
09-10-2011 00:00,NO,NO,1,17.5,17.5,80,6,2397,3114,5511,Sunday,FALSE,Valid,Valid,Valid
10-10-2011 00:00,YES,YES,1,19,19,80.5,0,1514,3603,5117,Monday,FALSE,Valid,Valid,Valid
11-10-2011 00:00,NO,YES,2,20,20,83,10,667,3896,4563,Tuesday,FALSE,Valid,Valid,Valid
12-10-2011 00:00,NO,YES,3,18,18,91,17,217,2199,2416,Wednesday,FALSE,Valid,Valid,Valid
13-10-2011 00:00,NO,YES,2,20,20,88,9,290,2623,2913,Thursday,FALSE,Valid,Valid,Valid
14-10-2011 00:00,NO,YES,2,19,19,88,13,529,3115,3644,Friday,FALSE,Valid,Valid,Valid
15-10-2011 00:00,NO,NO,1,16,16,47,14,1899,3318,5217,Saturday,FALSE,Valid,Valid,Valid
16-10-2011 00:00,NO,NO,1,18,18,49,18,1748,3293,5041,Sunday,FALSE,Valid,Valid,Valid
17-10-2011 00:00,NO,YES,1,18,18,55.5,11,713,3857,4570,Monday,FALSE,Valid,Valid,Valid
18-10-2011 00:00,NO,YES,2,17.5,17.5,72.5,7,637,4111,4748,Tuesday,FALSE,Valid,Valid,Valid
19-10-2011 00:00,NO,YES,3,17.5,17.5,94,13,254,2170,2424,Wednesday,FALSE,Valid,Valid,Valid
20-10-2011 00:00,NO,YES,1,15,15,58,28,471,3724,4195,Thursday,TRUE,Valid,Valid,Valid
21-10-2011 00:00,NO,YES,1,12,12,56.5,15,676,3628,4304,Friday,FALSE,Valid,Valid,Valid
22-10-2011 00:00,NO,NO,1,11.5,11.5,63,6,1499,2809,4308,Saturday,FALSE,Valid,Valid,Valid
23-10-2011 00:00,NO,NO,1,12,12,77,7,1619,2762,4381,Sunday,FALSE,Valid,Valid,Valid
24-10-2011 00:00,NO,YES,1,14,14,82,7,699,3488,4187,Monday,FALSE,Valid,Valid,Valid
25-10-2011 00:00,NO,YES,1,14,14,67.5,9,695,3992,4687,Tuesday,FALSE,Valid,Valid,Valid
26-10-2011 00:00,NO,YES,2,15.5,15.5,72,11,404,3490,3894,Wednesday,FALSE,Valid,Valid,Valid
27-10-2011 00:00,NO,YES,2,15,15,85.5,10,240,2419,2659,Thursday,FALSE,Valid,Valid,Valid
28-10-2011 00:00,NO,YES,2,7.5,5,61,16,456,3291,3747,Friday,FALSE,Valid,Valid,Valid
29-10-2011 00:00,NO,NO,3,4,1.5,87,24,57,570,627,Saturday,FALSE,Valid,Valid,Valid
30-10-2011 00:00,NO,NO,1,6.5,6,66,14,885,2446,3331,Sunday,FALSE,Valid,Valid,Valid
31-10-2011 00:00,NO,YES,1,8,6,76,8,362,3307,3669,Monday,FALSE,Valid,Valid,Valid
01-11-2011 00:00,NO,YES,1,10,10,71.5,10,410,3658,4068,Tuesday,FALSE,Valid,Valid,Valid
02-11-2011 00:00,NO,YES,1,9.5,8.5,74,6.5,370,3816,4186,Wednesday,FALSE,Valid,Valid,Valid
03-11-2011 00:00,NO,YES,1,11,11,76,9,318,3656,3974,Thursday,FALSE,Valid,Valid,Valid
04-11-2011 00:00,NO,YES,2,11,11,61,22,470,3576,4046,Friday,FALSE,Valid,Valid,Valid
05-11-2011 00:00,NO,NO,1,7,5,53,15,1156,2770,3926,Saturday,FALSE,Valid,Valid,Valid
06-11-2011 00:00,NO,NO,1,9,8,78.5,6,952,2697,3649,Sunday,FALSE,Valid,Valid,Valid
07-11-2011 00:00,NO,YES,1,9,8,84.5,6,373,3662,4035,Monday,FALSE,Valid,Valid,Valid
08-11-2011 00:00,NO,YES,1,10,10,79.5,6,376,3829,4205,Tuesday,FALSE,Valid,Valid,Valid
09-11-2011 00:00,NO,YES,1,11,11,87,0,305,3804,4109,Wednesday,FALSE,Valid,Valid,Valid
10-11-2011 00:00,NO,YES,2,9,7,82,15,190,2743,2933,Thursday,FALSE,Valid,Valid,Valid
11-11-2011 00:00,YES,YES,1,7,4,43,20.5,440,2928,3368,Friday,FALSE,Valid,Valid,Valid
12-11-2011 00:00,NO,NO,1,11,11,58,15,1275,2792,4067,Saturday,FALSE,Valid,Valid,Valid
13-11-2011 00:00,NO,NO,1,14,14,44,20,1004,2713,3717,Sunday,FALSE,Valid,Valid,Valid
14-11-2011 00:00,NO,YES,1,19,19,61.5,20,595,3891,4486,Monday,FALSE,Valid,Valid,Valid
15-11-2011 00:00,NO,YES,2,18,18,68,12,449,3746,4195,Tuesday,FALSE,Valid,Valid,Valid
16-11-2011 00:00,NO,YES,3,14,14,94,9,145,1672,1817,Wednesday,FALSE,Valid,Valid,Valid
17-11-2011 00:00,NO,YES,2,8,4,52,20,139,2914,3053,Thursday,FALSE,Valid,Valid,Valid
18-11-2011 00:00,NO,YES,1,4,2,43,11,245,3147,3392,Friday,FALSE,Valid,Valid,Valid
19-11-2011 00:00,NO,NO,1,9,7.5,52.5,17,943,2720,3663,Saturday,FALSE,Valid,Valid,Valid
20-11-2011 00:00,NO,NO,2,14,14,67,13,787,2733,3520,Sunday,FALSE,Valid,Valid,Valid
21-11-2011 00:00,NO,YES,3,13,13,94,10,220,2545,2765,Monday,FALSE,Valid,Valid,Valid
22-11-2011 00:00,NO,YES,3,11.5,11.5,94,7,69,1538,1607,Tuesday,FALSE,Valid,Valid,Valid
23-11-2011 00:00,NO,YES,2,13,13,66.5,26,112,2454,2566,Wednesday,FALSE,Valid,Valid,Valid
24-11-2011 00:00,YES,YES,1,9,7,61,10,560,935,1495,Thursday,FALSE,Valid,Valid,Valid
25-11-2011 00:00,NO,YES,1,8.5,7.5,71,7,1095,1697,2792,Friday,FALSE,Valid,Valid,Valid
26-11-2011 00:00,NO,NO,1,9.5,9.5,76,6,1249,1819,3068,Saturday,FALSE,Valid,Valid,Valid
27-11-2011 00:00,NO,NO,1,15,15,72,17,810,2261,3071,Sunday,FALSE,Valid,Valid,Valid
28-11-2011 00:00,NO,YES,1,17,17,77.5,9,253,3614,3867,Monday,FALSE,Valid,Valid,Valid
29-11-2011 00:00,NO,YES,2,12,12,83,20,96,2818,2914,Tuesday,FALSE,Valid,Valid,Valid
30-11-2011 00:00,NO,YES,1,7,4,57,19,188,3425,3613,Wednesday,FALSE,Valid,Valid,Valid
01-12-2011 00:00,NO,YES,1,6,4,56,15,182,3545,3727,Thursday,FALSE,Valid,Valid,Valid
02-12-2011 00:00,NO,YES,1,7,5,58,6,268,3672,3940,Friday,FALSE,Valid,Valid,Valid
03-12-2011 00:00,NO,NO,1,6,4.5,63.5,6,706,2908,3614,Saturday,FALSE,Valid,Valid,Valid
04-12-2011 00:00,NO,NO,1,8,7,81,7,634,2851,3485,Sunday,FALSE,Valid,Valid,Valid
05-12-2011 00:00,NO,YES,2,12,12,87,6,233,3578,3811,Monday,FALSE,Valid,Valid,Valid
06-12-2011 00:00,NO,YES,3,14,14,100,15,126,2468,2594,Tuesday,FALSE,Valid,Valid,Valid
07-12-2011 00:00,NO,YES,3,13,13,100,16,50,655,705,Wednesday,FALSE,Valid,Valid,Valid
08-12-2011 00:00,NO,YES,1,4,2,56,15,150,3172,3322,Thursday,FALSE,Valid,Valid,Valid
09-12-2011 00:00,NO,YES,1,5.5,4.5,73,6,261,3359,3620,Friday,FALSE,Valid,Valid,Valid
10-12-2011 00:00,NO,NO,1,4,2,49.5,15,502,2688,3190,Saturday,FALSE,Valid,Valid,Valid
11-12-2011 00:00,NO,NO,1,2,3,56,0,377,2366,2743,Sunday,FALSE,Valid,Valid,Valid
12-12-2011 00:00,NO,YES,1,3.5,4,70,6,143,3167,3310,Monday,FALSE,Valid,Valid,Valid
13-12-2011 00:00,NO,YES,1,6,4,53,11,155,3368,3523,Tuesday,FALSE,Valid,Valid,Valid
14-12-2011 00:00,NO,YES,2,7,6,66,6,178,3562,3740,Wednesday,FALSE,Valid,Valid,Valid
15-12-2011 00:00,NO,YES,2,14,14,63.5,19,181,3528,3709,Thursday,FALSE,Valid,Valid,Valid
16-12-2011 00:00,NO,YES,2,8,5,46,18,178,3399,3577,Friday,FALSE,Valid,Valid,Valid
17-12-2011 00:00,NO,NO,2,4,1,56,16,275,2464,2739,Saturday,FALSE,Valid,Valid,Valid
18-12-2011 00:00,NO,NO,1,2,1.5,60,11,220,2211,2431,Sunday,FALSE,Valid,Valid,Valid
19-12-2011 00:00,NO,YES,1,7,5,59.5,11,260,3143,3403,Monday,FALSE,Valid,Valid,Valid
20-12-2011 00:00,NO,YES,2,9.5,9,60.5,0,216,3534,3750,Tuesday,FALSE,Valid,Valid,Valid
21-12-2011 00:00,NO,YES,2,13,13,88,17,107,2553,2660,Wednesday,FALSE,Valid,Valid,Valid
22-12-2011 00:00,NO,YES,2,13,13,82,0,227,2841,3068,Thursday,FALSE,Valid,Valid,Valid
23-12-2011 00:00,NO,YES,1,10,8,66,17,163,2046,2209,Friday,FALSE,Valid,Valid,Valid
24-12-2011 00:00,NO,NO,1,6,4,54.5,11,155,856,1011,Saturday,FALSE,Valid,Valid,Valid
25-12-2011 00:00,NO,NO,1,4.5,2,70.5,10,303,451,754,Sunday,FALSE,Valid,Valid,Valid
26-12-2011 00:00,YES,YES,1,8,5,46,16,430,887,1317,Monday,FALSE,Valid,Valid,Valid
27-12-2011 00:00,NO,YES,2,7,5.5,81.5,9,103,1059,1162,Tuesday,FALSE,Valid,Valid,Valid
28-12-2011 00:00,NO,YES,1,7,3,46,17,255,2047,2302,Wednesday,FALSE,Valid,Valid,Valid
29-12-2011 00:00,NO,YES,1,4.5,3,58.5,8,254,2169,2423,Thursday,FALSE,Valid,Valid,Valid
30-12-2011 00:00,NO,YES,1,8,5,66,7,491,2508,2999,Friday,FALSE,Valid,Valid,Valid
31-12-2011 00:00,NO,NO,1,11,11,62,13,665,1820,2485,Saturday,FALSE,Valid,Valid,Valid
01-01-2012 00:00,NO,NO,1,11,11,65,17,686,1608,2294,Sunday,FALSE,Valid,Valid,Valid
02-01-2012 00:00,YES,YES,1,4,2,36.5,21,244,1707,1951,Monday,FALSE,Valid,Valid,Valid
03-01-2012 00:00,NO,YES,1,2,8,42.5,24,89,2147,2236,Tuesday,FALSE,Valid,Valid,Valid
04-01-2012 00:00,NO,YES,2,2,7,42.5,13,95,2273,2368,Wednesday,FALSE,Valid,Valid,Valid
05-01-2012 00:00,NO,YES,1,3.5,2,56,6,140,3132,3272,Thursday,FALSE,Valid,Valid,Valid
06-01-2012 00:00,NO,YES,1,9,7,50,12,307,3791,4098,Friday,FALSE,Valid,Valid,Valid
07-01-2012 00:00,NO,NO,1,10.5,9.5,45,13,1070,3451,4521,Saturday,FALSE,Valid,Valid,Valid
08-01-2012 00:00,NO,NO,1,7,5.5,49,14,599,2826,3425,Sunday,FALSE,Valid,Valid,Valid
09-01-2012 00:00,NO,YES,2,2,1,70,7,106,2270,2376,Monday,FALSE,Valid,Valid,Valid
10-01-2012 00:00,NO,YES,1,4,4,81,11,173,3425,3598,Tuesday,FALSE,Valid,Valid,Valid
11-01-2012 00:00,NO,YES,2,7,5,87,9,92,2085,2177,Wednesday,FALSE,Valid,Valid,Valid
12-01-2012 00:00,NO,YES,2,10,7.5,77,13,269,3828,4097,Thursday,FALSE,Valid,Valid,Valid
13-01-2012 00:00,NO,YES,1,4,2,46,24,174,3040,3214,Friday,FALSE,Valid,Valid,Valid
14-01-2012 00:00,NO,NO,1,2,5,47,15,333,2160,2493,Saturday,FALSE,Valid,Valid,Valid
15-01-2012 00:00,NO,NO,1,1,5,43,16,284,2027,2311,Sunday,FALSE,Valid,Valid,Valid
16-01-2012 00:00,YES,YES,1,4,2,54,19.5,217,2081,2298,Monday,FALSE,Valid,Valid,Valid
17-01-2012 00:00,NO,YES,2,11.5,10,74,22,127,2808,2935,Tuesday,FALSE,Valid,Valid,Valid
18-01-2012 00:00,NO,YES,1,6,2.5,42,27,109,3267,3376,Wednesday,TRUE,Valid,Valid,Valid
19-01-2012 00:00,NO,YES,1,3,2,48,17,130,3162,3292,Thursday,FALSE,Valid,Valid,Valid
20-01-2012 00:00,NO,YES,2,2,2,38,14,115,3048,3163,Friday,FALSE,Valid,Valid,Valid
21-01-2012 00:00,NO,NO,2,1,5,81,17,67,1234,1301,Saturday,FALSE,Valid,Valid,Valid
22-01-2012 00:00,NO,NO,2,1,5,80,13,196,1781,1977,Sunday,FALSE,Valid,Valid,Valid
23-01-2012 00:00,NO,YES,2,2,1,93,9,145,2287,2432,Monday,FALSE,Valid,Valid,Valid
24-01-2012 00:00,NO,YES,1,7,6,87,8,439,3900,4339,Tuesday,FALSE,Valid,Valid,Valid
25-01-2012 00:00,NO,YES,1,5.5,5,66,11,467,3803,4270,Wednesday,FALSE,Valid,Valid,Valid
26-01-2012 00:00,NO,YES,2,10,9.5,79,7,244,3831,4075,Thursday,FALSE,Valid,Valid,Valid
27-01-2012 00:00,NO,YES,2,12,12,57,22,269,3187,3456,Friday,FALSE,Valid,Valid,Valid
28-01-2012 00:00,NO,NO,1,6,4,53.5,14,775,3248,4023,Saturday,FALSE,Valid,Valid,Valid
29-01-2012 00:00,NO,NO,1,6,3,28.5,16,558,2685,3243,Sunday,FALSE,Valid,Valid,Valid
30-01-2012 00:00,NO,YES,1,4.5,3,43,13,126,3498,3624,Monday,FALSE,Valid,Valid,Valid
31-01-2012 00:00,NO,YES,1,12,12,39.5,18,324,4185,4509,Tuesday,FALSE,Valid,Valid,Valid
01-02-2012 00:00,NO,YES,1,14,14,52,11,304,4275,4579,Wednesday,FALSE,Valid,Valid,Valid
02-02-2012 00:00,NO,YES,2,11,11,67,10,190,3571,3761,Thursday,FALSE,Valid,Valid,Valid
03-02-2012 00:00,NO,YES,1,6.5,3.5,53,12,310,3841,4151,Friday,FALSE,Valid,Valid,Valid
04-02-2012 00:00,NO,NO,2,3,2,81,9,384,2448,2832,Saturday,FALSE,Valid,Valid,Valid
05-02-2012 00:00,NO,NO,2,4,1,65,11,318,2629,2947,Sunday,FALSE,Valid,Valid,Valid
06-02-2012 00:00,NO,YES,1,6,4,66,9,206,3578,3784,Monday,FALSE,Valid,Valid,Valid
07-02-2012 00:00,NO,YES,1,7.5,6.5,47.5,12,199,4176,4375,Tuesday,FALSE,Valid,Valid,Valid
08-02-2012 00:00,NO,YES,2,3,1,70,9,109,2693,2802,Wednesday,FALSE,Valid,Valid,Valid
09-02-2012 00:00,NO,YES,1,5,4,53,15,163,3667,3830,Thursday,FALSE,Valid,Valid,Valid
10-02-2012 00:00,NO,YES,2,6,4,56,9,227,3604,3831,Friday,FALSE,Valid,Valid,Valid
11-02-2012 00:00,NO,NO,3,2,1,81,17,192,1977,2169,Saturday,FALSE,Valid,Valid,Valid
12-02-2012 00:00,NO,NO,1,2,8,43,26,73,1456,1529,Sunday,FALSE,Valid,Valid,Valid
13-02-2012 00:00,NO,YES,1,4,5.5,46,9,94,3328,3422,Monday,FALSE,Valid,Valid,Valid
14-02-2012 00:00,NO,YES,2,7.5,6.5,50,7,135,3787,3922,Tuesday,FALSE,Valid,Valid,Valid
15-02-2012 00:00,NO,YES,1,8,6,54,11,141,4028,4169,Wednesday,FALSE,Valid,Valid,Valid
16-02-2012 00:00,NO,YES,2,7,6,76,6,74,2931,3005,Thursday,FALSE,Valid,Valid,Valid
17-02-2012 00:00,NO,YES,1,9,6.5,45.5,13,349,3805,4154,Friday,FALSE,Valid,Valid,Valid
18-02-2012 00:00,NO,NO,1,8.5,5.5,44,15,1435,2883,4318,Saturday,FALSE,Valid,Valid,Valid
19-02-2012 00:00,NO,NO,2,4.5,2,52,17,618,2071,2689,Sunday,FALSE,Valid,Valid,Valid
20-02-2012 00:00,YES,YES,1,4,4,48,15,502,2627,3129,Monday,FALSE,Valid,Valid,Valid
21-02-2012 00:00,NO,YES,1,7,3.5,65,14,163,3614,3777,Tuesday,FALSE,Valid,Valid,Valid
22-02-2012 00:00,NO,YES,1,12.5,12.5,57,18,394,4379,4773,Wednesday,FALSE,Valid,Valid,Valid
23-02-2012 00:00,NO,YES,1,13,13,55,13,516,4546,5062,Thursday,FALSE,Valid,Valid,Valid
24-02-2012 00:00,NO,YES,2,11,11,79.5,12,246,3241,3487,Friday,FALSE,Valid,Valid,Valid
25-02-2012 00:00,NO,NO,1,6,2,40,28,317,2415,2732,Saturday,TRUE,Valid,Valid,Valid
26-02-2012 00:00,NO,NO,1,4.5,3,42,15,515,2874,3389,Sunday,FALSE,Valid,Valid,Valid
27-02-2012 00:00,NO,YES,1,11,11,45,17,253,4069,4322,Monday,FALSE,Valid,Valid,Valid
28-02-2012 00:00,NO,YES,1,8.5,7,39.5,9,229,4134,4363,Tuesday,FALSE,Valid,Valid,Valid
29-02-2012 00:00,NO,YES,2,9,6,87,9,65,1769,1834,Wednesday,FALSE,Valid,Valid,Valid
01-03-2012 00:00,NO,YES,1,14,14,50,15,325,4665,4990,Thursday,FALSE,Valid,Valid,Valid
02-03-2012 00:00,NO,YES,2,9,7,71,11,246,2948,3194,Friday,FALSE,Valid,Valid,Valid
03-03-2012 00:00,NO,NO,2,11,11,51,11,956,3110,4066,Saturday,FALSE,Valid,Valid,Valid
04-03-2012 00:00,NO,NO,1,7,2.5,42.5,21,710,2713,3423,Sunday,FALSE,Valid,Valid,Valid
05-03-2012 00:00,NO,YES,1,3,1.5,54.5,14,203,3130,3333,Monday,FALSE,Valid,Valid,Valid
06-03-2012 00:00,NO,YES,1,5,4,48.5,15,221,3735,3956,Tuesday,FALSE,Valid,Valid,Valid
07-03-2012 00:00,NO,YES,1,13,13,57,22,432,4484,4916,Wednesday,FALSE,Valid,Valid,Valid
08-03-2012 00:00,NO,YES,1,19,19,51,30,486,4896,5382,Thursday,TRUE,Valid,Valid,Valid
09-03-2012 00:00,NO,YES,2,10,7,34,26,447,4122,4569,Friday,FALSE,Valid,Valid,Valid
10-03-2012 00:00,NO,NO,1,4,3,41,17,968,3150,4118,Saturday,FALSE,Valid,Valid,Valid
11-03-2012 00:00,NO,NO,1,10.5,10,50,15,1658,3253,4911,Sunday,FALSE,Valid,Valid,Valid
12-03-2012 00:00,NO,YES,1,16.5,16.5,50,14,838,4460,5298,Monday,FALSE,Valid,Valid,Valid
13-03-2012 00:00,NO,YES,1,18.5,18.5,60,15,762,5085,5847,Tuesday,FALSE,Valid,Valid,Valid
14-03-2012 00:00,NO,YES,1,19,19,46,7,997,5315,6312,Wednesday,FALSE,Valid,Valid,Valid
15-03-2012 00:00,NO,YES,1,17,17,61.5,8,1005,5187,6192,Thursday,FALSE,Valid,Valid,Valid
16-03-2012 00:00,NO,YES,2,13,13,88,6,548,3830,4378,Friday,FALSE,Valid,Valid,Valid
17-03-2012 00:00,NO,NO,2,17,17,77,7,3155,4681,7836,Saturday,FALSE,Valid,Valid,Valid
18-03-2012 00:00,NO,NO,2,14,14,82,9,2207,3685,5892,Sunday,FALSE,Valid,Valid,Valid
19-03-2012 00:00,NO,YES,1,19,19,72.5,11,982,5171,6153,Monday,FALSE,Valid,Valid,Valid
20-03-2012 00:00,NO,YES,1,18,18,83,9,1051,5042,6093,Tuesday,FALSE,Valid,Valid,Valid
21-03-2012 00:00,NO,YES,2,17,17,83,6,1122,5108,6230,Wednesday,FALSE,Valid,Valid,Valid
22-03-2012 00:00,NO,YES,1,19.5,19.5,80.5,6.5,1334,5537,6871,Thursday,FALSE,Valid,Valid,Valid
23-03-2012 00:00,NO,YES,2,21,21,69,7,2469,5893,8362,Friday,FALSE,Valid,Valid,Valid
24-03-2012 00:00,NO,NO,2,16,16,94,13,1033,2339,3372,Saturday,FALSE,Valid,Valid,Valid
25-03-2012 00:00,NO,NO,2,12,12,88,16,1532,3464,4996,Sunday,FALSE,Valid,Valid,Valid
26-03-2012 00:00,NO,YES,1,13.5,13.5,32.5,30,795,4763,5558,Monday,TRUE,Valid,Valid,Valid
27-03-2012 00:00,NO,YES,1,7,5,31,13,531,4571,5102,Tuesday,FALSE,Valid,Valid,Valid
28-03-2012 00:00,NO,YES,1,18,18,46,20,674,5024,5698,Wednesday,FALSE,Valid,Valid,Valid
29-03-2012 00:00,NO,YES,1,15.5,15.5,44,20,834,5299,6133,Thursday,FALSE,Valid,Valid,Valid
30-03-2012 00:00,NO,YES,2,9.5,8.5,57.5,10,796,4663,5459,Friday,FALSE,Valid,Valid,Valid
31-03-2012 00:00,NO,NO,2,11,11,76,17,2301,3934,6235,Saturday,FALSE,Valid,Valid,Valid
01-04-2012 00:00,NO,NO,2,12.5,12.5,71.5,11,2347,3694,6041,Sunday,FALSE,Valid,Valid,Valid
02-04-2012 00:00,NO,YES,1,13,13,44,20,1208,4728,5936,Monday,FALSE,Valid,Valid,Valid
03-04-2012 00:00,NO,YES,1,15.5,15.5,42,6,1348,5424,6772,Tuesday,FALSE,Valid,Valid,Valid
04-04-2012 00:00,NO,YES,1,19,19,46,13,1058,5378,6436,Wednesday,FALSE,Valid,Valid,Valid
05-04-2012 00:00,NO,YES,1,12,12,38,13,1192,5265,6457,Thursday,FALSE,Valid,Valid,Valid
06-04-2012 00:00,NO,YES,1,11.5,11.5,35,21,1807,4653,6460,Friday,FALSE,Valid,Valid,Valid
07-04-2012 00:00,NO,NO,1,13.5,13.5,23.5,17,3252,3605,6857,Saturday,FALSE,Valid,Valid,Valid
08-04-2012 00:00,NO,NO,1,16,16,25.5,15,2230,2939,5169,Sunday,FALSE,Valid,Valid,Valid
09-04-2012 00:00,NO,YES,1,14.5,14.5,31,24,905,4680,5585,Monday,FALSE,Valid,Valid,Valid
10-04-2012 00:00,NO,YES,1,12.5,12.5,37.5,14,819,5099,5918,Tuesday,FALSE,Valid,Valid,Valid
11-04-2012 00:00,NO,YES,1,8,5,49,20,482,4380,4862,Wednesday,FALSE,Valid,Valid,Valid
12-04-2012 00:00,NO,YES,1,12,12,39.5,19,663,4746,5409,Thursday,FALSE,Valid,Valid,Valid
13-04-2012 00:00,NO,YES,1,13,13,39.5,11,1252,5146,6398,Friday,FALSE,Valid,Valid,Valid
14-04-2012 00:00,NO,NO,1,18,18,52,11,2795,4665,7460,Saturday,FALSE,Valid,Valid,Valid
15-04-2012 00:00,NO,NO,1,22.5,22.5,51,17,2846,4286,7132,Sunday,FALSE,Valid,Valid,Valid
16-04-2012 00:00,YES,YES,1,24.5,24.5,55.5,17,1198,5172,6370,Monday,FALSE,Valid,Valid,Valid
17-04-2012 00:00,NO,YES,1,21,21,32.5,17,989,5702,6691,Tuesday,FALSE,Valid,Valid,Valid
18-04-2012 00:00,NO,YES,2,14,14,55,13,347,4020,4367,Wednesday,FALSE,Valid,Valid,Valid
19-04-2012 00:00,NO,YES,1,16.5,16.5,61,6,846,5719,6565,Thursday,FALSE,Valid,Valid,Valid
20-04-2012 00:00,NO,YES,1,17.5,17.5,70.5,13,1340,5950,7290,Friday,FALSE,Valid,Valid,Valid
21-04-2012 00:00,NO,NO,1,17,17,77.5,18,2541,4083,6624,Saturday,FALSE,Valid,Valid,Valid
22-04-2012 00:00,NO,NO,3,10,7,82,23,120,907,1027,Sunday,FALSE,Valid,Valid,Valid
23-04-2012 00:00,NO,YES,2,7,4,76,22,195,3019,3214,Monday,FALSE,Valid,Valid,Valid
24-04-2012 00:00,NO,YES,1,13,13,37,16,518,5115,5633,Tuesday,FALSE,Valid,Valid,Valid
25-04-2012 00:00,NO,YES,1,16.5,16.5,46.5,6,655,5541,6196,Wednesday,FALSE,Valid,Valid,Valid
26-04-2012 00:00,NO,YES,2,16,16,80,12,475,4551,5026,Thursday,FALSE,Valid,Valid,Valid
27-04-2012 00:00,NO,YES,1,13,13,38,23,1014,5219,6233,Friday,FALSE,Valid,Valid,Valid
28-04-2012 00:00,NO,NO,2,10,8.5,46.5,9,1120,3100,4220,Saturday,FALSE,Valid,Valid,Valid
29-04-2012 00:00,NO,NO,1,14.5,14.5,55,9,2229,4075,6304,Sunday,FALSE,Valid,Valid,Valid
30-04-2012 00:00,NO,YES,2,13,13,56,11,665,4907,5572,Monday,FALSE,Valid,Valid,Valid
01-05-2012 00:00,NO,YES,2,22.5,22.5,65,9,653,5087,5740,Tuesday,FALSE,Valid,Valid,Valid
02-05-2012 00:00,NO,YES,1,19,19,83,12,667,5502,6169,Wednesday,FALSE,Valid,Valid,Valid
03-05-2012 00:00,NO,YES,2,20,20,78,9,764,5657,6421,Thursday,FALSE,Valid,Valid,Valid
04-05-2012 00:00,NO,YES,1,21.5,21.5,78,8,1069,5227,6296,Friday,FALSE,Valid,Valid,Valid
05-05-2012 00:00,NO,NO,2,21,21,78,9,2496,4387,6883,Saturday,FALSE,Valid,Valid,Valid
06-05-2012 00:00,NO,NO,2,18.5,18.5,75,11,2135,4224,6359,Sunday,FALSE,Valid,Valid,Valid
07-05-2012 00:00,NO,YES,2,18,18,62,15,1008,5265,6273,Monday,FALSE,Valid,Valid,Valid
08-05-2012 00:00,NO,YES,2,21,21,69,19,738,4990,5728,Tuesday,FALSE,Valid,Valid,Valid
09-05-2012 00:00,NO,YES,2,19,19,80,13,620,4097,4717,Wednesday,FALSE,Valid,Valid,Valid
10-05-2012 00:00,NO,YES,1,16,16,49,23,1026,5546,6572,Thursday,FALSE,Valid,Valid,Valid
11-05-2012 00:00,NO,YES,1,18.5,18.5,36,17,1319,5711,7030,Friday,FALSE,Valid,Valid,Valid
12-05-2012 00:00,NO,NO,1,19.5,19.5,49,9,2622,4807,7429,Saturday,FALSE,Valid,Valid,Valid
13-05-2012 00:00,NO,NO,1,22,22,57,14,2172,3946,6118,Sunday,FALSE,Valid,Valid,Valid
14-05-2012 00:00,NO,YES,2,20,20,83,15,342,2501,2843,Monday,FALSE,Valid,Valid,Valid
15-05-2012 00:00,NO,YES,2,21.5,21.5,78,9,625,4490,5115,Tuesday,FALSE,Valid,Valid,Valid
16-05-2012 00:00,NO,YES,1,23,23,74,9,991,6433,7424,Wednesday,FALSE,Valid,Valid,Valid
17-05-2012 00:00,NO,YES,1,21,21,49,13,1242,6142,7384,Thursday,FALSE,Valid,Valid,Valid
18-05-2012 00:00,NO,YES,1,20,20,47.5,9,1521,6118,7639,Friday,FALSE,Valid,Valid,Valid
19-05-2012 00:00,NO,NO,1,21.5,21,45,6,3410,4884,8294,Saturday,FALSE,Valid,Valid,Valid
20-05-2012 00:00,NO,NO,1,23,23,52,22,2704,4425,7129,Sunday,FALSE,Valid,Valid,Valid
21-05-2012 00:00,NO,YES,2,21,21,83,17,630,3729,4359,Monday,FALSE,Valid,Valid,Valid
22-05-2012 00:00,NO,YES,2,22,22,78,7,819,5254,6073,Tuesday,FALSE,Valid,Valid,Valid
23-05-2012 00:00,NO,YES,2,22,22,83,7,766,4494,5260,Wednesday,FALSE,Valid,Valid,Valid
24-05-2012 00:00,NO,YES,1,23,23,73,11,1059,5711,6770,Thursday,FALSE,Valid,Valid,Valid
25-05-2012 00:00,NO,YES,1,24.5,25.5,78.5,9,1417,5317,6734,Friday,FALSE,Valid,Valid,Valid
26-05-2012 00:00,NO,NO,1,26,27,74,13,2855,3681,6536,Saturday,FALSE,Valid,Valid,Valid
27-05-2012 00:00,NO,NO,1,24,24.5,74,15,3283,3308,6591,Sunday,FALSE,Valid,Valid,Valid
28-05-2012 00:00,YES,YES,1,27,29,66,11,2557,3486,6043,Monday,FALSE,Valid,Valid,Valid
29-05-2012 00:00,NO,YES,1,26,28,70,20,880,4863,5743,Tuesday,FALSE,Valid,Valid,Valid
30-05-2012 00:00,NO,YES,2,23,24,69,9,745,6110,6855,Wednesday,FALSE,Valid,Valid,Valid
31-05-2012 00:00,NO,YES,1,24,24,47,13,1100,6238,7338,Thursday,FALSE,Valid,Valid,Valid
01-06-2012 00:00,NO,YES,2,23,23,78,15,533,3594,4127,Friday,FALSE,Valid,Valid,Valid
02-06-2012 00:00,NO,NO,1,20,20,49,13,2795,5325,8120,Saturday,FALSE,Valid,Valid,Valid
03-06-2012 00:00,NO,NO,1,22,21,45,12,2494,5147,7641,Sunday,FALSE,Valid,Valid,Valid
04-06-2012 00:00,NO,YES,1,21,21,46.5,20,1071,5927,6998,Monday,FALSE,Valid,Valid,Valid
05-06-2012 00:00,NO,YES,2,18,18,56,13,968,6033,7001,Tuesday,FALSE,Valid,Valid,Valid
06-06-2012 00:00,NO,YES,1,18,18,68,6,1027,6028,7055,Wednesday,FALSE,Valid,Valid,Valid
07-06-2012 00:00,NO,YES,1,21,21,49.5,11,1038,6456,7494,Thursday,FALSE,Valid,Valid,Valid
08-06-2012 00:00,NO,YES,1,24.5,24.5,44.5,11,1488,6248,7736,Friday,FALSE,Valid,Valid,Valid
09-06-2012 00:00,NO,NO,1,26,26.5,50.5,11,2708,4790,7498,Saturday,FALSE,Valid,Valid,Valid
10-06-2012 00:00,NO,NO,1,27,28,58,8,2224,4374,6598,Sunday,FALSE,Valid,Valid,Valid
11-06-2012 00:00,NO,YES,2,27,28,58,13,1017,5647,6664,Monday,FALSE,Valid,Valid,Valid
12-06-2012 00:00,NO,YES,2,24,25,88,13,477,4495,4972,Tuesday,FALSE,Valid,Valid,Valid
13-06-2012 00:00,NO,YES,1,23,23,51.5,26,1173,6248,7421,Wednesday,FALSE,Valid,Valid,Valid
14-06-2012 00:00,NO,YES,1,23,23,57,17,1180,6183,7363,Thursday,FALSE,Valid,Valid,Valid
15-06-2012 00:00,NO,YES,1,23,23,53,11,1563,6102,7665,Friday,FALSE,Valid,Valid,Valid
16-06-2012 00:00,NO,NO,1,22.5,22.5,51.5,12,2963,4739,7702,Saturday,FALSE,Valid,Valid,Valid
17-06-2012 00:00,NO,NO,1,20.5,20.5,58.5,11,2634,4344,6978,Sunday,FALSE,Valid,Valid,Valid
18-06-2012 00:00,NO,YES,2,19.5,19.5,78,12,653,4446,5099,Monday,FALSE,Valid,Valid,Valid
19-06-2012 00:00,NO,YES,1,26,27.5,74,9,968,5857,6825,Tuesday,FALSE,Valid,Valid,Valid
20-06-2012 00:00,NO,YES,1,32,33,52,7,872,5339,6211,Wednesday,FALSE,Valid,Valid,Valid
21-06-2012 00:00,NO,YES,1,31.5,35,53.5,8,778,5127,5905,Thursday,FALSE,Valid,Valid,Valid
22-06-2012 00:00,NO,YES,1,29,32,58,11,964,4859,5823,Friday,FALSE,Valid,Valid,Valid
23-06-2012 00:00,NO,NO,1,28,28,45.5,13,2657,4801,7458,Saturday,FALSE,Valid,Valid,Valid
24-06-2012 00:00,NO,NO,1,29,29,51,9,2551,4340,6891,Sunday,FALSE,Valid,Valid,Valid
25-06-2012 00:00,NO,YES,1,26,27,45,20,1139,5640,6779,Monday,FALSE,Valid,Valid,Valid
26-06-2012 00:00,NO,YES,1,22.5,21.5,35.5,24,1077,6365,7442,Tuesday,FALSE,Valid,Valid,Valid
27-06-2012 00:00,NO,YES,1,26.5,26.5,38,19.5,1077,6258,7335,Wednesday,FALSE,Valid,Valid,Valid
28-06-2012 00:00,NO,YES,1,28,28,48,11,921,5958,6879,Thursday,FALSE,Valid,Valid,Valid
29-06-2012 00:00,NO,YES,1,33,38.5,52,13,829,4634,5463,Friday,FALSE,Valid,Valid,Valid
30-06-2012 00:00,NO,NO,1,30,33,62,10,1455,4232,5687,Saturday,FALSE,Valid,Valid,Valid
01-07-2012 00:00,NO,NO,1,32,33,44,9,1421,4110,5531,Sunday,FALSE,Valid,Valid,Valid
02-07-2012 00:00,NO,YES,1,29,30,51,13,904,5323,6227,Monday,FALSE,Valid,Valid,Valid
03-07-2012 00:00,NO,YES,1,28.5,30,54.5,9,1052,5608,6660,Tuesday,FALSE,Valid,Valid,Valid
04-07-2012 00:00,YES,YES,1,31.5,32.5,51.5,9,2562,4841,7403,Wednesday,FALSE,Valid,Valid,Valid
05-07-2012 00:00,NO,YES,1,33,36,47.5,14,1405,4836,6241,Thursday,FALSE,Valid,Valid,Valid
06-07-2012 00:00,NO,YES,1,32,33.5,39.5,9,1366,4841,6207,Friday,FALSE,Valid,Valid,Valid
07-07-2012 00:00,NO,NO,1,34,38.5,46.5,11,1448,3392,4840,Saturday,FALSE,Valid,Valid,Valid
08-07-2012 00:00,NO,NO,1,31,36,59,7,1203,3469,4672,Sunday,FALSE,Valid,Valid,Valid
09-07-2012 00:00,NO,YES,2,26,28,65,11,998,5571,6569,Monday,FALSE,Valid,Valid,Valid
10-07-2012 00:00,NO,YES,2,26,27,74,9,954,5336,6290,Tuesday,FALSE,Valid,Valid,Valid
11-07-2012 00:00,NO,YES,1,27,28,58,10,975,6289,7264,Wednesday,FALSE,Valid,Valid,Valid
12-07-2012 00:00,NO,YES,1,27,27,51,9,1032,6414,7446,Thursday,FALSE,Valid,Valid,Valid
13-07-2012 00:00,NO,YES,2,28,28,48,7,1511,5988,7499,Friday,FALSE,Valid,Valid,Valid
14-07-2012 00:00,NO,NO,2,26,28,74,7,2355,4614,6969,Saturday,FALSE,Valid,Valid,Valid
15-07-2012 00:00,NO,NO,1,27,30,79,9,1920,4111,6031,Sunday,FALSE,Valid,Valid,Valid
16-07-2012 00:00,NO,YES,1,29,31.5,64,8,1088,5742,6830,Monday,FALSE,Valid,Valid,Valid
17-07-2012 00:00,NO,YES,1,32,34,50.5,8,921,5865,6786,Tuesday,FALSE,Valid,Valid,Valid
18-07-2012 00:00,NO,YES,1,29,31,62,9,799,4914,5713,Wednesday,FALSE,Valid,Valid,Valid
19-07-2012 00:00,NO,YES,1,29,31,58,9,888,5703,6591,Thursday,FALSE,Valid,Valid,Valid
20-07-2012 00:00,NO,YES,2,24,25,83.5,11,747,5123,5870,Friday,FALSE,Valid,Valid,Valid
21-07-2012 00:00,NO,NO,3,21,21,88,17,1264,3195,4459,Saturday,FALSE,Valid,Valid,Valid
22-07-2012 00:00,NO,NO,2,24,24,74,7,2544,4866,7410,Sunday,FALSE,Valid,Valid,Valid
23-07-2012 00:00,NO,YES,1,28.5,31,62,9,1135,5831,6966,Monday,FALSE,Valid,Valid,Valid
24-07-2012 00:00,NO,YES,1,28,30.5,64,14,1140,6452,7592,Tuesday,FALSE,Valid,Valid,Valid
25-07-2012 00:00,NO,YES,1,27,27,41,11,1383,6790,8173,Wednesday,FALSE,Valid,Valid,Valid
26-07-2012 00:00,NO,YES,1,27.5,30,65.5,17,1036,5825,6861,Thursday,FALSE,Valid,Valid,Valid
27-07-2012 00:00,NO,YES,1,30,33,59,10,1259,5645,6904,Friday,FALSE,Valid,Valid,Valid
28-07-2012 00:00,NO,NO,1,28,30,66,11,2234,4451,6685,Saturday,FALSE,Valid,Valid,Valid
29-07-2012 00:00,NO,NO,1,27,28.5,65.5,11,2153,4444,6597,Sunday,FALSE,Valid,Valid,Valid
30-07-2012 00:00,NO,YES,1,27,29,70,11,1040,6065,7105,Monday,FALSE,Valid,Valid,Valid
31-07-2012 00:00,NO,YES,1,26,27.5,72,11,968,6248,7216,Tuesday,FALSE,Valid,Valid,Valid
01-08-2012 00:00,NO,YES,1,27,29,70,9,1074,6506,7580,Wednesday,FALSE,Valid,Valid,Valid
02-08-2012 00:00,NO,YES,1,29,32,66,8,983,6278,7261,Thursday,FALSE,Valid,Valid,Valid
03-08-2012 00:00,NO,YES,2,29,32.5,66,15,1328,5847,7175,Friday,FALSE,Valid,Valid,Valid
04-08-2012 00:00,NO,NO,1,30.5,34.5,62.5,17,2345,4479,6824,Saturday,FALSE,Valid,Valid,Valid
05-08-2012 00:00,NO,NO,1,28,31,70,17,1707,3757,5464,Sunday,FALSE,Valid,Valid,Valid
06-08-2012 00:00,NO,YES,2,28,31,70,9,1233,5780,7013,Monday,FALSE,Valid,Valid,Valid
07-08-2012 00:00,NO,YES,2,27,30,70,9,1278,5995,7273,Tuesday,FALSE,Valid,Valid,Valid
08-08-2012 00:00,NO,YES,2,28,30.5,66,8,1263,6271,7534,Wednesday,FALSE,Valid,Valid,Valid
09-08-2012 00:00,NO,YES,1,27,29,58,11,1196,6090,7286,Thursday,FALSE,Valid,Valid,Valid
10-08-2012 00:00,NO,YES,2,27,29,70,19,1065,4721,5786,Friday,FALSE,Valid,Valid,Valid
11-08-2012 00:00,NO,NO,2,24,25,78,13,2247,4052,6299,Saturday,FALSE,Valid,Valid,Valid
12-08-2012 00:00,NO,NO,1,26,26,51,9,2182,4362,6544,Sunday,FALSE,Valid,Valid,Valid
13-08-2012 00:00,NO,YES,1,27.5,28.5,60,7,1207,5676,6883,Monday,FALSE,Valid,Valid,Valid
14-08-2012 00:00,NO,YES,1,27,29,70,13,1128,5656,6784,Tuesday,FALSE,Valid,Valid,Valid
15-08-2012 00:00,NO,YES,1,26,27,61,13,1198,6149,7347,Wednesday,FALSE,Valid,Valid,Valid
16-08-2012 00:00,NO,YES,1,27.5,28,49.5,11,1338,6267,7605,Thursday,FALSE,Valid,Valid,Valid
17-08-2012 00:00,NO,YES,1,25.5,26,58,14,1483,5665,7148,Friday,FALSE,Valid,Valid,Valid
18-08-2012 00:00,NO,NO,1,24,24,61,13,2827,5038,7865,Saturday,FALSE,Valid,Valid,Valid
19-08-2012 00:00,NO,NO,2,23,23,73,7,1208,3341,4549,Sunday,FALSE,Valid,Valid,Valid
20-08-2012 00:00,NO,YES,2,22,22,78,8,1026,5504,6530,Monday,FALSE,Valid,Valid,Valid
21-08-2012 00:00,NO,YES,1,23,23,74,3,1081,5925,7006,Tuesday,FALSE,Valid,Valid,Valid
22-08-2012 00:00,NO,YES,1,23,23.5,74,0,1094,6281,7375,Wednesday,FALSE,Valid,Valid,Valid
23-08-2012 00:00,NO,YES,1,26,27,61,6,1363,6402,7765,Thursday,FALSE,Valid,Valid,Valid
24-08-2012 00:00,NO,YES,2,26,27,61.5,3,1325,6257,7582,Friday,FALSE,Valid,Valid,Valid
25-08-2012 00:00,NO,NO,2,24,24,74,18,1829,4224,6053,Saturday,FALSE,Valid,Valid,Valid
26-08-2012 00:00,NO,NO,2,23,24,89,15,1483,3772,5255,Sunday,FALSE,Valid,Valid,Valid
27-08-2012 00:00,NO,YES,1,27,29,74,9,989,5928,6917,Monday,FALSE,Valid,Valid,Valid
28-08-2012 00:00,NO,YES,1,26.5,27.5,56,12,935,6105,7040,Tuesday,FALSE,Valid,Valid,Valid
29-08-2012 00:00,NO,YES,1,24.5,24.5,54,9,1177,6520,7697,Wednesday,FALSE,Valid,Valid,Valid
30-08-2012 00:00,NO,YES,1,26.5,27.5,61.5,6.5,1172,6541,7713,Thursday,FALSE,Valid,Valid,Valid
31-08-2012 00:00,NO,YES,1,29,31,62,11,1433,5917,7350,Friday,FALSE,Valid,Valid,Valid
01-09-2012 00:00,NO,NO,2,29,31,60,8,2352,3788,6140,Saturday,FALSE,Valid,Valid,Valid
02-09-2012 00:00,NO,NO,2,26,27.5,84,6,2613,3197,5810,Sunday,FALSE,Valid,Valid,Valid
03-09-2012 00:00,YES,YES,1,26,28,83,9,1965,4069,6034,Monday,FALSE,Valid,Valid,Valid
04-09-2012 00:00,NO,YES,1,28,31,74,17,867,5997,6864,Tuesday,FALSE,Valid,Valid,Valid
05-09-2012 00:00,NO,YES,1,27,30,74,13,832,6280,7112,Wednesday,FALSE,Valid,Valid,Valid
06-09-2012 00:00,NO,YES,2,26,28,84,10,611,5592,6203,Thursday,FALSE,Valid,Valid,Valid
07-09-2012 00:00,NO,YES,1,26,28,74,9,1045,6459,7504,Friday,FALSE,Valid,Valid,Valid
08-09-2012 00:00,NO,NO,2,24,25,88,17,1557,4419,5976,Saturday,FALSE,Valid,Valid,Valid
09-09-2012 00:00,NO,NO,1,21.5,21,50.5,17,2570,5657,8227,Sunday,FALSE,Valid,Valid,Valid
10-09-2012 00:00,NO,YES,1,21,21,50,19,1118,6407,7525,Monday,FALSE,Valid,Valid,Valid
11-09-2012 00:00,NO,YES,1,19.5,19.5,57.5,7,1070,6697,7767,Tuesday,FALSE,Valid,Valid,Valid
12-09-2012 00:00,NO,YES,1,21,21,62.5,9,1050,6820,7870,Wednesday,FALSE,Valid,Valid,Valid
13-09-2012 00:00,NO,YES,1,21.5,21.5,67,6,1054,6750,7804,Thursday,FALSE,Valid,Valid,Valid
14-09-2012 00:00,NO,YES,1,22,22,73,7,1379,6630,8009,Friday,FALSE,Valid,Valid,Valid
15-09-2012 00:00,NO,NO,1,21,21,46,18,3160,5554,8714,Saturday,FALSE,Valid,Valid,Valid
16-09-2012 00:00,NO,NO,1,20.5,20.5,58.5,7,2166,5167,7333,Sunday,FALSE,Valid,Valid,Valid
17-09-2012 00:00,NO,YES,2,22,22,73,11,1022,5847,6869,Monday,FALSE,Valid,Valid,Valid
18-09-2012 00:00,NO,YES,2,22,23,88,21,371,3702,4073,Tuesday,FALSE,Valid,Valid,Valid
19-09-2012 00:00,NO,YES,1,18,18,59,17,788,6803,7591,Wednesday,FALSE,Valid,Valid,Valid
20-09-2012 00:00,NO,YES,1,19,19,63.5,7,939,6781,7720,Thursday,FALSE,Valid,Valid,Valid
21-09-2012 00:00,NO,YES,1,21,21,69,12,1250,6917,8167,Friday,FALSE,Valid,Valid,Valid
22-09-2012 00:00,NO,NO,1,23,23,58,19,2512,5883,8395,Saturday,FALSE,Valid,Valid,Valid
23-09-2012 00:00,NO,NO,1,17,17,47.5,16,2454,5453,7907,Sunday,FALSE,Valid,Valid,Valid
24-09-2012 00:00,NO,YES,1,16.5,16.5,52,9,1001,6435,7436,Monday,FALSE,Valid,Valid,Valid
25-09-2012 00:00,NO,YES,1,21,21,57,17,845,6693,7538,Tuesday,FALSE,Valid,Valid,Valid
26-09-2012 00:00,NO,YES,1,22,22,64,17,787,6946,7733,Wednesday,FALSE,Valid,Valid,Valid
27-09-2012 00:00,NO,YES,2,21,21,78,6,751,6642,7393,Thursday,FALSE,Valid,Valid,Valid
28-09-2012 00:00,NO,YES,2,21.9,22.5,68.6,10.72,1045,6370,7415,Friday,FALSE,Valid,Valid,Valid
29-09-2012 00:00,NO,NO,1,17.9,18.3,55.6,14.56,2589,5966,8555,Saturday,FALSE,Valid,Valid,Valid
30-09-2012 00:00,NO,NO,1,17.3,17.8,57.9,10.4,2015,4874,6889,Sunday,FALSE,Valid,Valid,Valid
01-10-2012 00:00,NO,YES,2,17.1,16.9,65.1,6.24,763,6015,6778,Monday,FALSE,Valid,Valid,Valid
02-10-2012 00:00,NO,YES,3,20.9,20.3,89.5,7.52,315,4324,4639,Tuesday,FALSE,Valid,Valid,Valid
03-10-2012 00:00,NO,YES,2,23.3,24.2,83,4.64,728,6844,7572,Wednesday,FALSE,Valid,Valid,Valid
04-10-2012 00:00,NO,YES,2,23.7,23.9,73.3,8,891,6437,7328,Thursday,FALSE,Valid,Valid,Valid
05-10-2012 00:00,NO,YES,1,21.8,22.2,62.5,7.36,1516,6640,8156,Friday,FALSE,Valid,Valid,Valid
06-10-2012 00:00,NO,NO,1,18.7,19.2,66.1,17.76,3031,4934,7965,Saturday,FALSE,Valid,Valid,Valid
07-10-2012 00:00,NO,NO,2,11.6,11.1,73.2,10.08,781,2729,3510,Sunday,FALSE,Valid,Valid,Valid
08-10-2012 00:00,YES,YES,2,10.1,9.7,71.8,12.64,874,4604,5478,Monday,FALSE,Valid,Valid,Valid
09-10-2012 00:00,NO,YES,2,12.8,13.3,77.1,12.96,601,5791,6392,Tuesday,FALSE,Valid,Valid,Valid
10-10-2012 00:00,NO,YES,1,16,17.2,69.6,10.4,780,6911,7691,Wednesday,FALSE,Valid,Valid,Valid
11-10-2012 00:00,NO,YES,1,12.9,13.3,45.6,12.96,834,6736,7570,Thursday,FALSE,Valid,Valid,Valid
12-10-2012 00:00,NO,YES,1,12.9,13.6,54,15.68,1060,6222,7282,Friday,FALSE,Valid,Valid,Valid
13-10-2012 00:00,NO,NO,1,10.6,10.6,50,10.88,2252,4857,7109,Saturday,FALSE,Valid,Valid,Valid
14-10-2012 00:00,NO,NO,1,17.2,17.5,63.6,18.4,2080,4559,6639,Sunday,FALSE,Valid,Valid,Valid
15-10-2012 00:00,NO,YES,2,19.4,18.1,71.6,18.72,760,5115,5875,Monday,FALSE,Valid,Valid,Valid
16-10-2012 00:00,NO,YES,1,14.4,14.4,55.8,12,922,6612,7534,Tuesday,FALSE,Valid,Valid,Valid
17-10-2012 00:00,NO,YES,1,14,14.7,68.3,6.72,979,6482,7461,Wednesday,FALSE,Valid,Valid,Valid
18-10-2012 00:00,NO,YES,2,16.9,16.9,72.8,15.68,1008,6501,7509,Thursday,FALSE,Valid,Valid,Valid
19-10-2012 00:00,NO,YES,2,19.3,19.2,82.1,9.28,753,4671,5424,Friday,FALSE,Valid,Valid,Valid
20-10-2012 00:00,NO,NO,1,15.3,15.3,57.2,8.8,2806,5284,8090,Saturday,FALSE,Valid,Valid,Valid
21-10-2012 00:00,NO,NO,1,14.2,14.4,51.1,11.04,2132,4692,6824,Sunday,FALSE,Valid,Valid,Valid
22-10-2012 00:00,NO,YES,1,15.6,15.8,55.3,5.92,830,6228,7058,Monday,FALSE,Valid,Valid,Valid
23-10-2012 00:00,NO,YES,1,18.7,18.1,62.9,6.08,841,6625,7466,Tuesday,FALSE,Valid,Valid,Valid
24-10-2012 00:00,NO,YES,1,20.4,21.7,63.4,4.8,795,6898,7693,Wednesday,FALSE,Valid,Valid,Valid
25-10-2012 00:00,NO,YES,2,18.2,19.4,81.4,9.28,875,6484,7359,Thursday,FALSE,Valid,Valid,Valid
26-10-2012 00:00,NO,YES,2,18.2,19.2,81.4,9.28,1182,6262,7444,Friday,FALSE,Valid,Valid,Valid
27-10-2012 00:00,NO,NO,2,17.3,18.1,72.2,15.84,2643,5209,7852,Saturday,FALSE,Valid,Valid,Valid
28-10-2012 00:00,NO,NO,2,14.7,14.4,69.3,26.88,998,3461,4459,Sunday,TRUE,Valid,Valid,Valid
29-10-2012 00:00,NO,YES,3,10.6,10.6,84.5,40.16,2,20,22,Monday,TRUE,Valid,Valid,Valid
30-10-2012 00:00,NO,YES,2,6.3,6.7,85.6,21.12,87,1009,1096,Tuesday,FALSE,Valid,Valid,Valid
31-10-2012 00:00,NO,YES,2,8.8,8.9,68.7,10.88,419,5147,5566,Wednesday,FALSE,Valid,Valid,Valid
01-11-2012 00:00,NO,YES,2,9.3,8.6,57.8,10.24,466,5520,5986,Thursday,FALSE,Valid,Valid,Valid
02-11-2012 00:00,NO,YES,1,8.8,8.9,52.2,18.4,618,5229,5847,Friday,FALSE,Valid,Valid,Valid
03-11-2012 00:00,NO,NO,2,8.2,8.1,50,18.24,1029,4109,5138,Saturday,FALSE,Valid,Valid,Valid
04-11-2012 00:00,NO,NO,1,7.2,7.5,54.1,12.32,1201,3906,5107,Sunday,FALSE,Valid,Valid,Valid
05-11-2012 00:00,NO,YES,1,6.8,6.7,49.6,15.52,378,4881,5259,Monday,FALSE,Valid,Valid,Valid
06-11-2012 00:00,NO,YES,1,5.1,5,57.3,12,466,5220,5686,Tuesday,FALSE,Valid,Valid,Valid
07-11-2012 00:00,NO,YES,2,5.7,5.6,55.7,20.32,326,4709,5035,Wednesday,FALSE,Valid,Valid,Valid
08-11-2012 00:00,NO,YES,1,8.4,9.2,34.6,23.84,340,4975,5315,Thursday,FALSE,Valid,Valid,Valid
09-11-2012 00:00,NO,YES,1,9.1,8.9,55.8,13.76,709,5283,5992,Friday,FALSE,Valid,Valid,Valid
10-11-2012 00:00,NO,NO,1,10.5,10.6,64.9,3.84,2090,4446,6536,Saturday,FALSE,Valid,Valid,Valid
11-11-2012 00:00,NO,NO,1,12.2,13.6,66,8.64,2290,4562,6852,Sunday,FALSE,Valid,Valid,Valid
12-11-2012 00:00,YES,YES,1,15.6,15.6,74.3,12.32,1097,5172,6269,Monday,FALSE,Valid,Valid,Valid
13-11-2012 00:00,NO,YES,2,7.8,8.9,69.9,22.88,327,3767,4094,Tuesday,FALSE,Valid,Valid,Valid
14-11-2012 00:00,NO,YES,1,5.4,5.6,56,12.96,373,5122,5495,Wednesday,FALSE,Valid,Valid,Valid
15-11-2012 00:00,NO,YES,2,7.1,6.9,61.9,10.24,320,5125,5445,Thursday,FALSE,Valid,Valid,Valid
16-11-2012 00:00,NO,YES,1,8.2,8.9,52.7,11.52,484,5214,5698,Friday,FALSE,Valid,Valid,Valid
17-11-2012 00:00,NO,NO,1,7.3,7.2,54.9,12,1313,4316,5629,Saturday,FALSE,Valid,Valid,Valid
18-11-2012 00:00,NO,NO,1,8.2,8.3,69.7,15.36,922,3747,4669,Sunday,FALSE,Valid,Valid,Valid
19-11-2012 00:00,NO,YES,2,9.9,10.3,62.9,15.04,449,5050,5499,Monday,FALSE,Valid,Valid,Valid
20-11-2012 00:00,NO,YES,2,9.7,10.6,69.2,5.44,534,5100,5634,Tuesday,FALSE,Valid,Valid,Valid
21-11-2012 00:00,NO,YES,1,8.7,9.2,61.3,7.2,615,4531,5146,Wednesday,FALSE,Valid,Valid,Valid
22-11-2012 00:00,YES,YES,1,7.9,8.6,58.4,3.52,955,1470,2425,Thursday,FALSE,Valid,Valid,Valid
23-11-2012 00:00,NO,YES,1,9.7,9.2,55.9,10.72,1603,2307,3910,Friday,FALSE,Valid,Valid,Valid
24-11-2012 00:00,NO,NO,1,4.6,5.3,41.1,24.64,532,1745,2277,Saturday,FALSE,Valid,Valid,Valid
25-11-2012 00:00,NO,NO,1,3.2,3.6,48.8,9.76,309,2115,2424,Sunday,FALSE,Valid,Valid,Valid
26-11-2012 00:00,NO,YES,1,6.9,6.7,53.6,3.36,337,4750,5087,Monday,FALSE,Valid,Valid,Valid
27-11-2012 00:00,NO,YES,2,5.5,5,80.1,16.48,123,3836,3959,Tuesday,FALSE,Valid,Valid,Valid
28-11-2012 00:00,NO,YES,1,5.8,6.1,49.8,13.6,198,5062,5260,Wednesday,FALSE,Valid,Valid,Valid
29-11-2012 00:00,NO,YES,1,7,5.5,46.5,10,243,5080,5323,Thursday,FALSE,Valid,Valid,Valid
30-11-2012 00:00,NO,YES,1,2,2,76,0,362,5306,5668,Friday,FALSE,Valid,Valid,Valid
01-12-2012 00:00,NO,NO,2,5.7,5,81.9,4.8,951,4240,5191,Saturday,FALSE,Valid,Valid,Valid
02-12-2012 00:00,NO,NO,2,12,12,82,9,892,3757,4649,Sunday,FALSE,Valid,Valid,Valid
03-12-2012 00:00,NO,YES,1,15.5,15.5,72.5,7,555,5679,6234,Monday,FALSE,Valid,Valid,Valid
04-12-2012 00:00,NO,YES,1,15,15,68,13,551,6055,6606,Tuesday,FALSE,Valid,Valid,Valid
05-12-2012 00:00,NO,YES,1,13,13,47,19,331,5398,5729,Wednesday,FALSE,Valid,Valid,Valid
06-12-2012 00:00,NO,YES,1,3,2.5,52,12,340,5035,5375,Thursday,FALSE,Valid,Valid,Valid
07-12-2012 00:00,NO,YES,2,7.5,5.5,76,9,349,4659,5008,Friday,FALSE,Valid,Valid,Valid
08-12-2012 00:00,NO,NO,2,10,9.5,94,7,1153,4429,5582,Saturday,FALSE,Valid,Valid,Valid
09-12-2012 00:00,NO,NO,2,11,11,88,9,441,2787,3228,Sunday,FALSE,Valid,Valid,Valid
10-12-2012 00:00,NO,YES,2,13,13,94,15,329,4841,5170,Monday,FALSE,Valid,Valid,Valid
11-12-2012 00:00,NO,YES,2,8,5,60,21,282,5219,5501,Tuesday,FALSE,Valid,Valid,Valid
12-12-2012 00:00,NO,YES,2,6,3,55,14,310,5009,5319,Wednesday,FALSE,Valid,Valid,Valid
13-12-2012 00:00,NO,YES,1,5,4,53,13,425,5107,5532,Thursday,FALSE,Valid,Valid,Valid
14-12-2012 00:00,NO,YES,1,5,4,70,7,429,5182,5611,Friday,FALSE,Valid,Valid,Valid
15-12-2012 00:00,NO,NO,1,9,7,62,7,767,4280,5047,Saturday,FALSE,Valid,Valid,Valid
16-12-2012 00:00,NO,NO,2,9,8,87,7,538,3248,3786,Sunday,FALSE,Valid,Valid,Valid
17-12-2012 00:00,NO,YES,2,11,11,91,7,212,4373,4585,Monday,FALSE,Valid,Valid,Valid
18-12-2012 00:00,NO,YES,1,11.5,11.5,62,14,433,5124,5557,Tuesday,FALSE,Valid,Valid,Valid
19-12-2012 00:00,NO,YES,1,7,5,62,9,333,4934,5267,Wednesday,FALSE,Valid,Valid,Valid
20-12-2012 00:00,NO,YES,2,8,6,71,11,314,3814,4128,Thursday,FALSE,Valid,Valid,Valid
21-12-2012 00:00,NO,YES,2,7,3,45,26,221,3402,3623,Friday,FALSE,Valid,Valid,Valid
22-12-2012 00:00,NO,NO,1,4,1,45,28,205,1544,1749,Saturday,TRUE,Valid,Valid,Valid
23-12-2012 00:00,NO,NO,1,3,3,51,9,408,1379,1787,Sunday,FALSE,Valid,Valid,Valid
24-12-2012 00:00,NO,YES,2,3,1,80,6,174,746,920,Monday,FALSE,Valid,Valid,Valid
25-12-2012 00:00,YES,YES,2,5.5,3.5,73.5,11,440,573,1013,Tuesday,FALSE,Valid,Valid,Valid
26-12-2012 00:00,NO,YES,3,2.5,3,87,22,9,432,441,Wednesday,FALSE,Valid,Valid,Valid
27-12-2012 00:00,NO,YES,2,3,1,60,21,247,1867,2114,Thursday,FALSE,Valid,Valid,Valid
28-12-2012 00:00,NO,YES,2,3,1,60,9,644,2451,3095,Friday,FALSE,Valid,Valid,Valid
29-12-2012 00:00,NO,NO,2,3,2,75,6,159,1182,1341,Saturday,FALSE,Valid,Valid,Valid
30-12-2012 00:00,NO,NO,1,4,1,51,24,364,1432,1796,Sunday,FALSE,Valid,Valid,Valid
31-12-2012 00:00,NO,YES,2,3,2,59,11,439,2290,2729,Monday,FALSE,Valid,Valid,Valid
